filename,prompt,negative_prompt
"solos/venom.jpg","Venomcraft, wide landscape scene depicting serpents and dripping toxin, single-icon composition with the domain's elemental theme filling the frame, dominant palette venom green, mood: sickly luminescence, evokes: Melee attacks apply 1 poison stack, fantasy card illustration in the style of Magic the Gathering art, full-bleed landscape composition, edge-to-edge artwork, cinematic horizontal framing, painterly ink and wash, muted earth-tones with one dominant accent color, atmospheric lighting, arcane and martial mood, no painted frame, no inner border, no decorative trim, no text, no letters, no numbers, no UI, no card frame","painted frame, decorative border, double border, ornate trim, ornamental frame, filigree border, tarot card border, card frame, vignette frame, inner border, text, letters, numbers, words, signature, watermark, caption, label, logo, title bar, portrait orientation, vertical composition, centered medallion, symmetrical heraldic layout, photo, photograph, photorealistic, 3d render, cgi, anime, manga, chibi, modern clothing, cars, technology, ui, hud, low quality, blurry, oversaturated"
"solos/fortress.jpg","Fortress Discipline, wide landscape scene depicting tower walls and shield bosses, single-icon composition with the domain's elemental theme filling the frame, dominant palette iron blue, mood: monolithic stillness, evokes: Adjacent friendly units get +30% defense, fantasy card illustration in the style of Magic the Gathering art, full-bleed landscape composition, edge-to-edge artwork, cinematic horizontal framing, painterly ink and wash, muted earth-tones with one dominant accent color, atmospheric lighting, arcane and martial mood, no painted frame, no inner border, no decorative trim, no text, no letters, no numbers, no UI, no card frame","painted frame, decorative border, double border, ornate trim, ornamental frame, filigree border, tarot card border, card frame, vignette frame, inner border, text, letters, numbers, words, signature, watermark, caption, label, logo, title bar, portrait orientation, vertical composition, centered medallion, symmetrical heraldic layout, photo, photograph, photorealistic, 3d render, cgi, anime, manga, chibi, modern clothing, cars, technology, ui, hud, low quality, blurry, oversaturated"
"solos/charge.jpg","Charge, wide landscape scene depicting tusked beasts and trampling cavalry, single-icon composition with the domain's elemental theme filling the frame, dominant palette amber dust, mood: forward motion, dust trails, evokes: Charge attacks strike first; if enemy dies, attacker takes 0 damage, fantasy card illustration in the style of Magic the Gathering art, full-bleed landscape composition, edge-to-edge artwork, cinematic horizontal framing, painterly ink and wash, muted earth-tones with one dominant accent color, atmospheric lighting, arcane and martial mood, no painted frame, no inner border, no decorative trim, no text, no letters, no numbers, no UI, no card frame","painted frame, decorative border, double border, ornate trim, ornamental frame, filigree border, tarot card border, card frame, vignette frame, inner border, text, letters, numbers, words, signature, watermark, caption, label, logo, title bar, portrait orientation, vertical composition, centered medallion, symmetrical heraldic layout, photo, photograph, photorealistic, 3d render, cgi, anime, manga, chibi, modern clothing, cars, technology, ui, hud, low quality, blurry, oversaturated"
"solos/hitrun.jpg","Skirmish Pursuit, wide landscape scene depicting darting arrows and feathered wind-marks, single-icon composition with the domain's elemental theme filling the frame, dominant palette silver-grey, mood: flickering speed, evokes: When unit deals more damage than it receives, deals +2 bonus damage (presses the advantage), fantasy card illustration in the style of Magic the Gathering art, full-bleed landscape composition, edge-to-edge artwork, cinematic horizontal framing, painterly ink and wash, muted earth-tones with one dominant accent color, atmospheric lighting, arcane and martial mood, no painted frame, no inner border, no decorative trim, no text, no letters, no numbers, no UI, no card frame","painted frame, decorative border, double border, ornate trim, ornamental frame, filigree border, tarot card border, card frame, vignette frame, inner border, text, letters, numbers, words, signature, watermark, caption, label, logo, title bar, portrait orientation, vertical composition, centered medallion, symmetrical heraldic layout, photo, photograph, photorealistic, 3d render, cgi, anime, manga, chibi, modern clothing, cars, technology, ui, hud, low quality, blurry, oversaturated"
"solos/tidal_warfare.jpg","Tidal Warfare, wide landscape scene depicting cresting waves and prow-ships, single-icon composition with the domain's elemental theme filling the frame, dominant palette deep cyan, mood: crashing surf, salt spray, evokes: Naval units attack from water to land; enemies on coast get -25% defense, fantasy card illustration in the style of Magic the Gathering art, full-bleed landscape composition, edge-to-edge artwork, cinematic horizontal framing, painterly ink and wash, muted earth-tones with one dominant accent color, atmospheric lighting, arcane and martial mood, no painted frame, no inner border, no decorative trim, no text, no letters, no numbers, no UI, no card frame","painted frame, decorative border, double border, ornate trim, ornamental frame, filigree border, tarot card border, card frame, vignette frame, inner border, text, letters, numbers, words, signature, watermark, caption, label, logo, title bar, portrait orientation, vertical composition, centered medallion, symmetrical heraldic layout, photo, photograph, photorealistic, 3d render, cgi, anime, manga, chibi, modern clothing, cars, technology, ui, hud, low quality, blurry, oversaturated"
"solos/nature_healing.jpg","Nature Healing, wide landscape scene depicting leafing branches and resting deer, single-icon composition with the domain's elemental theme filling the frame, dominant palette leaf green, mood: soft luminance, restorative, evokes: Unit heals 2 HP/turn; adjacent allies heal 1 HP/turn, fantasy card illustration in the style of Magic the Gathering art, full-bleed landscape composition, edge-to-edge artwork, cinematic horizontal framing, painterly ink and wash, muted earth-tones with one dominant accent color, atmospheric lighting, arcane and martial mood, no painted frame, no inner border, no decorative trim, no text, no letters, no numbers, no UI, no card frame","painted frame, decorative border, double border, ornate trim, ornamental frame, filigree border, tarot card border, card frame, vignette frame, inner border, text, letters, numbers, words, signature, watermark, caption, label, logo, title bar, portrait orientation, vertical composition, centered medallion, symmetrical heraldic layout, photo, photograph, photorealistic, 3d render, cgi, anime, manga, chibi, modern clothing, cars, technology, ui, hud, low quality, blurry, oversaturated"
"solos/camel_adaptation.jpg","Camel Adaptation, wide landscape scene depicting sun-bleached camels and dune ridges, single-icon composition with the domain's elemental theme filling the frame, dominant palette ochre gold, mood: dry shimmer, baked sand, evokes: Unit ignores all terrain movement penalties, fantasy card illustration in the style of Magic the Gathering art, full-bleed landscape composition, edge-to-edge artwork, cinematic horizontal framing, painterly ink and wash, muted earth-tones with one dominant accent color, atmospheric lighting, arcane and martial mood, no painted frame, no inner border, no decorative trim, no text, no letters, no numbers, no UI, no card frame","painted frame, decorative border, double border, ornate trim, ornamental frame, filigree border, tarot card border, card frame, vignette frame, inner border, text, letters, numbers, words, signature, watermark, caption, label, logo, title bar, portrait orientation, vertical composition, centered medallion, symmetrical heraldic layout, photo, photograph, photorealistic, 3d render, cgi, anime, manga, chibi, modern clothing, cars, technology, ui, hud, low quality, blurry, oversaturated"
"solos/river_stealth.jpg","River Stealth, wide landscape scene depicting reeds, mist on still water, half-submerged eyes, single-icon composition with the domain's elemental theme filling the frame, dominant palette violet shadow, mood: hidden, glassy water, evokes: Unit is stealthed; first attack from stealth deals +50% damage, fantasy card illustration in the style of Magic the Gathering art, full-bleed landscape composition, edge-to-edge artwork, cinematic horizontal framing, painterly ink and wash, muted earth-tones with one dominant accent color, atmospheric lighting, arcane and martial mood, no painted frame, no inner border, no decorative trim, no text, no letters, no numbers, no UI, no card frame","painted frame, decorative border, double border, ornate trim, ornamental frame, filigree border, tarot card border, card frame, vignette frame, inner border, text, letters, numbers, words, signature, watermark, caption, label, logo, title bar, portrait orientation, vertical composition, centered medallion, symmetrical heraldic layout, photo, photograph, photorealistic, 3d render, cgi, anime, manga, chibi, modern clothing, cars, technology, ui, hud, low quality, blurry, oversaturated"
"solos/slaving.jpg","Slaving, wide landscape scene depicting iron chains and tally markings, single-icon composition with the domain's elemental theme filling the frame, dominant palette rust red, mood: cruel order, branded marks, evokes: Captured enemy units are converted to slave units under your command, fantasy card illustration in the style of Magic the Gathering art, full-bleed landscape composition, edge-to-edge artwork, cinematic horizontal framing, painterly ink and wash, muted earth-tones with one dominant accent color, atmospheric lighting, arcane and martial mood, no painted frame, no inner border, no decorative trim, no text, no letters, no numbers, no UI, no card frame","painted frame, decorative border, double border, ornate trim, ornamental frame, filigree border, tarot card border, card frame, vignette frame, inner border, text, letters, numbers, words, signature, watermark, caption, label, logo, title bar, portrait orientation, vertical composition, centered medallion, symmetrical heraldic layout, photo, photograph, photorealistic, 3d render, cgi, anime, manga, chibi, modern clothing, cars, technology, ui, hud, low quality, blurry, oversaturated"
"solos/heavy_hitter.jpg","Heavy Hitter, wide landscape scene depicting mauls, anvils, broken stone, single-icon composition with the domain's elemental theme filling the frame, dominant palette cold slate, mood: crushing weight, evokes: Heavy strikes ignore 50% of enemy armor and deal bonus damage to fortified targets, fantasy card illustration in the style of Magic the Gathering art, full-bleed landscape composition, edge-to-edge artwork, cinematic horizontal framing, painterly ink and wash, muted earth-tones with one dominant accent color, atmospheric lighting, arcane and martial mood, no painted frame, no inner border, no decorative trim, no text, no letters, no numbers, no UI, no card frame","painted frame, decorative border, double border, ornate trim, ornamental frame, filigree border, tarot card border, card frame, vignette frame, inner border, text, letters, numbers, words, signature, watermark, caption, label, logo, title bar, portrait orientation, vertical composition, centered medallion, symmetrical heraldic layout, photo, photograph, photorealistic, 3d render, cgi, anime, manga, chibi, modern clothing, cars, technology, ui, hud, low quality, blurry, oversaturated"
"pairs/fortress_venom.png","Toxic Bulwark, wide landscape scene depicting serpents and dripping toxin interacting with tower walls and shield bosses, composition spans the full horizontal frame, foreground action with atmospheric background, dominant palette venom green balanced against iron blue, mood: sickly luminescence crossed with monolithic stillness, evokes: Your wardens have learned to weep poison. The walls themselves now rebuke any who dare approach., fantasy card illustration in the style of Magic the Gathering art, full-bleed landscape composition, edge-to-edge artwork, cinematic horizontal framing, painterly ink and wash, muted earth-tones with one dominant accent color, atmospheric lighting, arcane and martial mood, no painted frame, no inner border, no decorative trim, no text, no letters, no numbers, no UI, no card frame","painted frame, decorative border, double border, ornate trim, ornamental frame, filigree border, tarot card border, card frame, vignette frame, inner border, text, letters, numbers, words, signature, watermark, caption, label, logo, title bar, portrait orientation, vertical composition, centered medallion, symmetrical heraldic layout, photo, photograph, photorealistic, 3d render, cgi, anime, manga, chibi, modern clothing, cars, technology, ui, hud, low quality, blurry, oversaturated"
"pairs/charge_venom.png","Stampeding Death, wide landscape scene depicting serpents and dripping toxin interacting with tusked beasts and trampling cavalry, composition spans the full horizontal frame, foreground action with atmospheric background, dominant palette venom green balanced against amber dust, mood: sickly luminescence crossed with forward motion, dust trails, evokes: Your war beasts trample the enemy under hooves slick with venom. Even those who survive the charge find themselves dying long after the battle., fantasy card illustration in the style of Magic the Gathering art, full-bleed landscape composition, edge-to-edge artwork, cinematic horizontal framing, painterly ink and wash, muted earth-tones with one dominant accent color, atmospheric lighting, arcane and martial mood, no painted frame, no inner border, no decorative trim, no text, no letters, no numbers, no UI, no card frame","painted frame, decorative border, double border, ornate trim, ornamental frame, filigree border, tarot card border, card frame, vignette frame, inner border, text, letters, numbers, words, signature, watermark, caption, label, logo, title bar, portrait orientation, vertical composition, centered medallion, symmetrical heraldic layout, photo, photograph, photorealistic, 3d render, cgi, anime, manga, chibi, modern clothing, cars, technology, ui, hud, low quality, blurry, oversaturated"
"pairs/hitrun_venom.png","Poisoned Skirmish, wide landscape scene depicting serpents and dripping toxin interacting with darting arrows and feathered wind-marks, composition spans the full horizontal frame, foreground action with atmospheric background, dominant palette venom green balanced against silver-grey, mood: sickly luminescence crossed with flickering speed, evokes: Your skirmishers strike and vanish, leaving nothing but sickness behind. The ground itself becomes your weapon., fantasy card illustration in the style of Magic the Gathering art, full-bleed landscape composition, edge-to-edge artwork, cinematic horizontal framing, painterly ink and wash, muted earth-tones with one dominant accent color, atmospheric lighting, arcane and martial mood, no painted frame, no inner border, no decorative trim, no text, no letters, no numbers, no UI, no card frame","painted frame, decorative border, double border, ornate trim, ornamental frame, filigree border, tarot card border, card frame, vignette frame, inner border, text, letters, numbers, words, signature, watermark, caption, label, logo, title bar, portrait orientation, vertical composition, centered medallion, symmetrical heraldic layout, photo, photograph, photorealistic, 3d render, cgi, anime, manga, chibi, modern clothing, cars, technology, ui, hud, low quality, blurry, oversaturated"
"pairs/tidal_warfare_venom.png","Venomous Tide, wide landscape scene depicting serpents and dripping toxin interacting with cresting waves and prow-ships, composition spans the full horizontal frame, foreground action with atmospheric background, dominant palette venom green balanced against deep cyan, mood: sickly luminescence crossed with crashing surf, salt spray, evokes: Your ships blacken the water for leagues. No coastline is safe from your fleet's creeping blight., fantasy card illustration in the style of Magic the Gathering art, full-bleed landscape composition, edge-to-edge artwork, cinematic horizontal framing, painterly ink and wash, muted earth-tones with one dominant accent color, atmospheric lighting, arcane and martial mood, no painted frame, no inner border, no decorative trim, no text, no letters, no numbers, no UI, no card frame","painted frame, decorative border, double border, ornate trim, ornamental frame, filigree border, tarot card border, card frame, vignette frame, inner border, text, letters, numbers, words, signature, watermark, caption, label, logo, title bar, portrait orientation, vertical composition, centered medallion, symmetrical heraldic layout, photo, photograph, photorealistic, 3d render, cgi, anime, manga, chibi, modern clothing, cars, technology, ui, hud, low quality, blurry, oversaturated"
"pairs/nature_healing_venom.png","Regenerative Venom, wide landscape scene depicting serpents and dripping toxin interacting with leafing branches and resting deer, composition spans the full horizontal frame, foreground action with atmospheric background, dominant palette venom green balanced against leaf green, mood: sickly luminescence crossed with soft luminance, restorative, evokes: Your venom is a curse upon the very earth. Enemy healers who attempt to mend your victims find their own hands turned against them., fantasy card illustration in the style of Magic the Gathering art, full-bleed landscape composition, edge-to-edge artwork, cinematic horizontal framing, painterly ink and wash, muted earth-tones with one dominant accent color, atmospheric lighting, arcane and martial mood, no painted frame, no inner border, no decorative trim, no text, no letters, no numbers, no UI, no card frame","painted frame, decorative border, double border, ornate trim, ornamental frame, filigree border, tarot card border, card frame, vignette frame, inner border, text, letters, numbers, words, signature, watermark, caption, label, logo, title bar, portrait orientation, vertical composition, centered medallion, symmetrical heraldic layout, photo, photograph, photorealistic, 3d render, cgi, anime, manga, chibi, modern clothing, cars, technology, ui, hud, low quality, blurry, oversaturated"
"pairs/river_stealth_venom.png","Death from the Shadows, wide landscape scene depicting serpents and dripping toxin interacting with reeds, mist on still water, half-submerged eyes, composition spans the full horizontal frame, foreground action with atmospheric background, dominant palette venom green balanced against violet shadow, mood: sickly luminescence crossed with hidden, glassy water, evokes: Your assassins strike from nothingness with venom-tipped blades. The first the enemy knows of your presence is the burning in their veins., fantasy card illustration in the style of Magic the Gathering art, full-bleed landscape composition, edge-to-edge artwork, cinematic horizontal framing, painterly ink and wash, muted earth-tones with one dominant accent color, atmospheric lighting, arcane and martial mood, no painted frame, no inner border, no decorative trim, no text, no letters, no numbers, no UI, no card frame","painted frame, decorative border, double border, ornate trim, ornamental frame, filigree border, tarot card border, card frame, vignette frame, inner border, text, letters, numbers, words, signature, watermark, caption, label, logo, title bar, portrait orientation, vertical composition, centered medallion, symmetrical heraldic layout, photo, photograph, photorealistic, 3d render, cgi, anime, manga, chibi, modern clothing, cars, technology, ui, hud, low quality, blurry, oversaturated"
"pairs/camel_adaptation_venom.png","Desert Viper, wide landscape scene depicting serpents and dripping toxin interacting with sun-bleached camels and dune ridges, composition spans the full horizontal frame, foreground action with atmospheric background, dominant palette venom green balanced against ochre gold, mood: sickly luminescence crossed with dry shimmer, baked sand, evokes: Your desert riders carry venom in every grain of sand they kick up. The wastes belong to you — and nothing that enters leaves clean., fantasy card illustration in the style of Magic the Gathering art, full-bleed landscape composition, edge-to-edge artwork, cinematic horizontal framing, painterly ink and wash, muted earth-tones with one dominant accent color, atmospheric lighting, arcane and martial mood, no painted frame, no inner border, no decorative trim, no text, no letters, no numbers, no UI, no card frame","painted frame, decorative border, double border, ornate trim, ornamental frame, filigree border, tarot card border, card frame, vignette frame, inner border, text, letters, numbers, words, signature, watermark, caption, label, logo, title bar, portrait orientation, vertical composition, centered medallion, symmetrical heraldic layout, photo, photograph, photorealistic, 3d render, cgi, anime, manga, chibi, modern clothing, cars, technology, ui, hud, low quality, blurry, oversaturated"
"pairs/slaving_venom.png","Envenomed Captors, wide landscape scene depicting serpents and dripping toxin interacting with iron chains and tally markings, composition spans the full horizontal frame, foreground action with atmospheric background, dominant palette venom green balanced against rust red, mood: sickly luminescence crossed with cruel order, branded marks, evokes: Your captives wither in chains, weakened by venom until they beg for the sword. Your slave armies fight with desperate fury, knowing the poison grants them no mercy., fantasy card illustration in the style of Magic the Gathering art, full-bleed landscape composition, edge-to-edge artwork, cinematic horizontal framing, painterly ink and wash, muted earth-tones with one dominant accent color, atmospheric lighting, arcane and martial mood, no painted frame, no inner border, no decorative trim, no text, no letters, no numbers, no UI, no card frame","painted frame, decorative border, double border, ornate trim, ornamental frame, filigree border, tarot card border, card frame, vignette frame, inner border, text, letters, numbers, words, signature, watermark, caption, label, logo, title bar, portrait orientation, vertical composition, centered medallion, symmetrical heraldic layout, photo, photograph, photorealistic, 3d render, cgi, anime, manga, chibi, modern clothing, cars, technology, ui, hud, low quality, blurry, oversaturated"
"pairs/heavy_hitter_venom.png","Venomous Smash, wide landscape scene depicting serpents and dripping toxin interacting with mauls, anvils, broken stone, composition spans the full horizontal frame, foreground action with atmospheric background, dominant palette venom green balanced against cold slate, mood: sickly luminescence crossed with crushing weight, evokes: Your heaviest warriors use venom like a key — armor crumbles, shields rot, and the strongest enemy defenses dissolve under their crushing blows., fantasy card illustration in the style of Magic the Gathering art, full-bleed landscape composition, edge-to-edge artwork, cinematic horizontal framing, painterly ink and wash, muted earth-tones with one dominant accent color, atmospheric lighting, arcane and martial mood, no painted frame, no inner border, no decorative trim, no text, no letters, no numbers, no UI, no card frame","painted frame, decorative border, double border, ornate trim, ornamental frame, filigree border, tarot card border, card frame, vignette frame, inner border, text, letters, numbers, words, signature, watermark, caption, label, logo, title bar, portrait orientation, vertical composition, centered medallion, symmetrical heraldic layout, photo, photograph, photorealistic, 3d render, cgi, anime, manga, chibi, modern clothing, cars, technology, ui, hud, low quality, blurry, oversaturated"
"pairs/venom_venom.png","Concentrated Venom, wide landscape scene depicting serpents and dripping toxin interacting with serpents and dripping toxin, composition spans the full horizontal frame, foreground action with atmospheric background, dominant palette venom green balanced against venom green, mood: sickly luminescence crossed with sickly luminescence, evokes: Your venom knows no mercy — when one enemy falls, their death spreads the poison to all who stand nearby. The chain of death feeds itself., fantasy card illustration in the style of Magic the Gathering art, full-bleed landscape composition, edge-to-edge artwork, cinematic horizontal framing, painterly ink and wash, muted earth-tones with one dominant accent color, atmospheric lighting, arcane and martial mood, no painted frame, no inner border, no decorative trim, no text, no letters, no numbers, no UI, no card frame","painted frame, decorative border, double border, ornate trim, ornamental frame, filigree border, tarot card border, card frame, vignette frame, inner border, text, letters, numbers, words, signature, watermark, caption, label, logo, title bar, portrait orientation, vertical composition, centered medallion, symmetrical heraldic layout, photo, photograph, photorealistic, 3d render, cgi, anime, manga, chibi, modern clothing, cars, technology, ui, hud, low quality, blurry, oversaturated"
"pairs/charge_fortress.png","Fortress Charge, wide landscape scene depicting tower walls and shield bosses interacting with tusked beasts and trampling cavalry, composition spans the full horizontal frame, foreground action with atmospheric background, dominant palette iron blue balanced against amber dust, mood: monolithic stillness crossed with forward motion, dust trails, evokes: Your shield wall holds firm while your cavalry crashes through the gap. The fortress anchors the line; the charge shatters theirs., fantasy card illustration in the style of Magic the Gathering art, full-bleed landscape composition, edge-to-edge artwork, cinematic horizontal framing, painterly ink and wash, muted earth-tones with one dominant accent color, atmospheric lighting, arcane and martial mood, no painted frame, no inner border, no decorative trim, no text, no letters, no numbers, no UI, no card frame","painted frame, decorative border, double border, ornate trim, ornamental frame, filigree border, tarot card border, card frame, vignette frame, inner border, text, letters, numbers, words, signature, watermark, caption, label, logo, title bar, portrait orientation, vertical composition, centered medallion, symmetrical heraldic layout, photo, photograph, photorealistic, 3d render, cgi, anime, manga, chibi, modern clothing, cars, technology, ui, hud, low quality, blurry, oversaturated"
"pairs/fortress_hitrun.png","Fortress Skirmish, wide landscape scene depicting tower walls and shield bosses interacting with darting arrows and feathered wind-marks, composition spans the full horizontal frame, foreground action with atmospheric background, dominant palette iron blue balanced against silver-grey, mood: monolithic stillness crossed with flickering speed, evokes: Your skirmishers withdraw into earthworks of their own making. Let them pursue — they'll break against your fortified positions., fantasy card illustration in the style of Magic the Gathering art, full-bleed landscape composition, edge-to-edge artwork, cinematic horizontal framing, painterly ink and wash, muted earth-tones with one dominant accent color, atmospheric lighting, arcane and martial mood, no painted frame, no inner border, no decorative trim, no text, no letters, no numbers, no UI, no card frame","painted frame, decorative border, double border, ornate trim, ornamental frame, filigree border, tarot card border, card frame, vignette frame, inner border, text, letters, numbers, words, signature, watermark, caption, label, logo, title bar, portrait orientation, vertical composition, centered medallion, symmetrical heraldic layout, photo, photograph, photorealistic, 3d render, cgi, anime, manga, chibi, modern clothing, cars, technology, ui, hud, low quality, blurry, oversaturated"
"pairs/fortress_tidal_warfare.png","Coastal Fortress, wide landscape scene depicting tower walls and shield bosses interacting with cresting waves and prow-ships, composition spans the full horizontal frame, foreground action with atmospheric background, dominant palette iron blue balanced against deep cyan, mood: monolithic stillness crossed with crashing surf, salt spray, evokes: Your fleet hammers the shore while your legions hold the coast. Fire from the sea, iron on the land — there is no refuge for the enemy., fantasy card illustration in the style of Magic the Gathering art, full-bleed landscape composition, edge-to-edge artwork, cinematic horizontal framing, painterly ink and wash, muted earth-tones with one dominant accent color, atmospheric lighting, arcane and martial mood, no painted frame, no inner border, no decorative trim, no text, no letters, no numbers, no UI, no card frame","painted frame, decorative border, double border, ornate trim, ornamental frame, filigree border, tarot card border, card frame, vignette frame, inner border, text, letters, numbers, words, signature, watermark, caption, label, logo, title bar, portrait orientation, vertical composition, centered medallion, symmetrical heraldic layout, photo, photograph, photorealistic, 3d render, cgi, anime, manga, chibi, modern clothing, cars, technology, ui, hud, low quality, blurry, oversaturated"
"pairs/fortress_nature_healing.png","Citadel, wide landscape scene depicting tower walls and shield bosses interacting with leafing branches and resting deer, composition spans the full horizontal frame, foreground action with atmospheric background, dominant palette iron blue balanced against leaf green, mood: monolithic stillness crossed with soft luminance, restorative, evokes: Your stone-singers raise living citadels wherever they stand. Walls of earth and light, mending wounds and holding the line — a fortress that breathes., fantasy card illustration in the style of Magic the Gathering art, full-bleed landscape composition, edge-to-edge artwork, cinematic horizontal framing, painterly ink and wash, muted earth-tones with one dominant accent color, atmospheric lighting, arcane and martial mood, no painted frame, no inner border, no decorative trim, no text, no letters, no numbers, no UI, no card frame","painted frame, decorative border, double border, ornate trim, ornamental frame, filigree border, tarot card border, card frame, vignette frame, inner border, text, letters, numbers, words, signature, watermark, caption, label, logo, title bar, portrait orientation, vertical composition, centered medallion, symmetrical heraldic layout, photo, photograph, photorealistic, 3d render, cgi, anime, manga, chibi, modern clothing, cars, technology, ui, hud, low quality, blurry, oversaturated"
"pairs/fortress_river_stealth.png","Hidden Fortress, wide landscape scene depicting tower walls and shield bosses interacting with reeds, mist on still water, half-submerged eyes, composition spans the full horizontal frame, foreground action with atmospheric background, dominant palette iron blue balanced against violet shadow, mood: monolithic stillness crossed with hidden, glassy water, evokes: Your fortifications are invisible until the moment of your choosing. The enemy walks past your positions never knowing death waits an arm's length away., fantasy card illustration in the style of Magic the Gathering art, full-bleed landscape composition, edge-to-edge artwork, cinematic horizontal framing, painterly ink and wash, muted earth-tones with one dominant accent color, atmospheric lighting, arcane and martial mood, no painted frame, no inner border, no decorative trim, no text, no letters, no numbers, no UI, no card frame","painted frame, decorative border, double border, ornate trim, ornamental frame, filigree border, tarot card border, card frame, vignette frame, inner border, text, letters, numbers, words, signature, watermark, caption, label, logo, title bar, portrait orientation, vertical composition, centered medallion, symmetrical heraldic layout, photo, photograph, photorealistic, 3d render, cgi, anime, manga, chibi, modern clothing, cars, technology, ui, hud, low quality, blurry, oversaturated"
"pairs/camel_adaptation_fortress.png","Desert Stronghold, wide landscape scene depicting tower walls and shield bosses interacting with sun-bleached camels and dune ridges, composition spans the full horizontal frame, foreground action with atmospheric background, dominant palette iron blue balanced against ochre gold, mood: monolithic stillness crossed with dry shimmer, baked sand, evokes: Your desert riders become roving strongholds, fortifying in the open dunes at will. The sands themselves answer your command to hold., fantasy card illustration in the style of Magic the Gathering art, full-bleed landscape composition, edge-to-edge artwork, cinematic horizontal framing, painterly ink and wash, muted earth-tones with one dominant accent color, atmospheric lighting, arcane and martial mood, no painted frame, no inner border, no decorative trim, no text, no letters, no numbers, no UI, no card frame","painted frame, decorative border, double border, ornate trim, ornamental frame, filigree border, tarot card border, card frame, vignette frame, inner border, text, letters, numbers, words, signature, watermark, caption, label, logo, title bar, portrait orientation, vertical composition, centered medallion, symmetrical heraldic layout, photo, photograph, photorealistic, 3d render, cgi, anime, manga, chibi, modern clothing, cars, technology, ui, hud, low quality, blurry, oversaturated"
"pairs/fortress_slaving.png","Chained Prisoners, wide landscape scene depicting tower walls and shield bosses interacting with iron chains and tally markings, composition spans the full horizontal frame, foreground action with atmospheric background, dominant palette iron blue balanced against rust red, mood: monolithic stillness crossed with cruel order, branded marks, evokes: Your fortress guards draw strength from every prisoner they hold. The more your walls have endured, the harder they strike back., fantasy card illustration in the style of Magic the Gathering art, full-bleed landscape composition, edge-to-edge artwork, cinematic horizontal framing, painterly ink and wash, muted earth-tones with one dominant accent color, atmospheric lighting, arcane and martial mood, no painted frame, no inner border, no decorative trim, no text, no letters, no numbers, no UI, no card frame","painted frame, decorative border, double border, ornate trim, ornamental frame, filigree border, tarot card border, card frame, vignette frame, inner border, text, letters, numbers, words, signature, watermark, caption, label, logo, title bar, portrait orientation, vertical composition, centered medallion, symmetrical heraldic layout, photo, photograph, photorealistic, 3d render, cgi, anime, manga, chibi, modern clothing, cars, technology, ui, hud, low quality, blurry, oversaturated"
"pairs/fortress_heavy_hitter.png","Immovable Object, wide landscape scene depicting tower walls and shield bosses interacting with mauls, anvils, broken stone, composition spans the full horizontal frame, foreground action with atmospheric background, dominant palette iron blue balanced against cold slate, mood: monolithic stillness crossed with crushing weight, evokes: Your heavy fortress troops are mountains given form. Let the enemy break themselves against you — every blow they land returns to them twofold., fantasy card illustration in the style of Magic the Gathering art, full-bleed landscape composition, edge-to-edge artwork, cinematic horizontal framing, painterly ink and wash, muted earth-tones with one dominant accent color, atmospheric lighting, arcane and martial mood, no painted frame, no inner border, no decorative trim, no text, no letters, no numbers, no UI, no card frame","painted frame, decorative border, double border, ornate trim, ornamental frame, filigree border, tarot card border, card frame, vignette frame, inner border, text, letters, numbers, words, signature, watermark, caption, label, logo, title bar, portrait orientation, vertical composition, centered medallion, symmetrical heraldic layout, photo, photograph, photorealistic, 3d render, cgi, anime, manga, chibi, modern clothing, cars, technology, ui, hud, low quality, blurry, oversaturated"
"pairs/fortress_fortress.png","Layered Defense, wide landscape scene depicting tower walls and shield bosses interacting with tower walls and shield bosses, composition spans the full horizontal frame, foreground action with atmospheric background, dominant palette iron blue balanced against iron blue, mood: monolithic stillness crossed with monolithic stillness, evokes: Two of your fortress units standing shoulder to shoulder form an unbreakable wall. Nothing passes through — not men, not arrows, not hope., fantasy card illustration in the style of Magic the Gathering art, full-bleed landscape composition, edge-to-edge artwork, cinematic horizontal framing, painterly ink and wash, muted earth-tones with one dominant accent color, atmospheric lighting, arcane and martial mood, no painted frame, no inner border, no decorative trim, no text, no letters, no numbers, no UI, no card frame","painted frame, decorative border, double border, ornate trim, ornamental frame, filigree border, tarot card border, card frame, vignette frame, inner border, text, letters, numbers, words, signature, watermark, caption, label, logo, title bar, portrait orientation, vertical composition, centered medallion, symmetrical heraldic layout, photo, photograph, photorealistic, 3d render, cgi, anime, manga, chibi, modern clothing, cars, technology, ui, hud, low quality, blurry, oversaturated"
"pairs/charge_hitrun.png","Endless Charge, wide landscape scene depicting tusked beasts and trampling cavalry interacting with darting arrows and feathered wind-marks, composition spans the full horizontal frame, foreground action with atmospheric background, dominant palette amber dust balanced against silver-grey, mood: forward motion, dust trails crossed with flickering speed, evokes: Your cavalry charges, withdraws, and charges again — a single relentless tide that never stops crashing. There is no recovering from the first impact before the second arrives., fantasy card illustration in the style of Magic the Gathering art, full-bleed landscape composition, edge-to-edge artwork, cinematic horizontal framing, painterly ink and wash, muted earth-tones with one dominant accent color, atmospheric lighting, arcane and martial mood, no painted frame, no inner border, no decorative trim, no text, no letters, no numbers, no UI, no card frame","painted frame, decorative border, double border, ornate trim, ornamental frame, filigree border, tarot card border, card frame, vignette frame, inner border, text, letters, numbers, words, signature, watermark, caption, label, logo, title bar, portrait orientation, vertical composition, centered medallion, symmetrical heraldic layout, photo, photograph, photorealistic, 3d render, cgi, anime, manga, chibi, modern clothing, cars, technology, ui, hud, low quality, blurry, oversaturated"
"pairs/charge_tidal_warfare.png","Tsunami Charge, wide landscape scene depicting tusked beasts and trampling cavalry interacting with cresting waves and prow-ships, composition spans the full horizontal frame, foreground action with atmospheric background, dominant palette amber dust balanced against deep cyan, mood: forward motion, dust trails crossed with crashing surf, salt spray, evokes: Your ships become rams, crashing through enemy fleets with the force of a tidal wave. The ocean itself carries your charge., fantasy card illustration in the style of Magic the Gathering art, full-bleed landscape composition, edge-to-edge artwork, cinematic horizontal framing, painterly ink and wash, muted earth-tones with one dominant accent color, atmospheric lighting, arcane and martial mood, no painted frame, no inner border, no decorative trim, no text, no letters, no numbers, no UI, no card frame","painted frame, decorative border, double border, ornate trim, ornamental frame, filigree border, tarot card border, card frame, vignette frame, inner border, text, letters, numbers, words, signature, watermark, caption, label, logo, title bar, portrait orientation, vertical composition, centered medallion, symmetrical heraldic layout, photo, photograph, photorealistic, 3d render, cgi, anime, manga, chibi, modern clothing, cars, technology, ui, hud, low quality, blurry, oversaturated"
"pairs/charge_nature_healing.png","Charging Growth, wide landscape scene depicting tusked beasts and trampling cavalry interacting with leafing branches and resting deer, composition spans the full horizontal frame, foreground action with atmospheric background, dominant palette amber dust balanced against leaf green, mood: forward motion, dust trails crossed with soft luminance, restorative, evokes: Your charges invigorate rather than exhaust. Each thundering advance restores your warriors' vigor — momentum begets momentum., fantasy card illustration in the style of Magic the Gathering art, full-bleed landscape composition, edge-to-edge artwork, cinematic horizontal framing, painterly ink and wash, muted earth-tones with one dominant accent color, atmospheric lighting, arcane and martial mood, no painted frame, no inner border, no decorative trim, no text, no letters, no numbers, no UI, no card frame","painted frame, decorative border, double border, ornate trim, ornamental frame, filigree border, tarot card border, card frame, vignette frame, inner border, text, letters, numbers, words, signature, watermark, caption, label, logo, title bar, portrait orientation, vertical composition, centered medallion, symmetrical heraldic layout, photo, photograph, photorealistic, 3d render, cgi, anime, manga, chibi, modern clothing, cars, technology, ui, hud, low quality, blurry, oversaturated"
"pairs/charge_river_stealth.png","Stealth Charge, wide landscape scene depicting tusked beasts and trampling cavalry interacting with reeds, mist on still water, half-submerged eyes, composition spans the full horizontal frame, foreground action with atmospheric background, dominant palette amber dust balanced against violet shadow, mood: forward motion, dust trails crossed with hidden, glassy water, evokes: Your cavalry strikes from total concealment — a wall of iron and muscle erupting from nowhere. The first hit is devastating; the second is inevitable., fantasy card illustration in the style of Magic the Gathering art, full-bleed landscape composition, edge-to-edge artwork, cinematic horizontal framing, painterly ink and wash, muted earth-tones with one dominant accent color, atmospheric lighting, arcane and martial mood, no painted frame, no inner border, no decorative trim, no text, no letters, no numbers, no UI, no card frame","painted frame, decorative border, double border, ornate trim, ornamental frame, filigree border, tarot card border, card frame, vignette frame, inner border, text, letters, numbers, words, signature, watermark, caption, label, logo, title bar, portrait orientation, vertical composition, centered medallion, symmetrical heraldic layout, photo, photograph, photorealistic, 3d render, cgi, anime, manga, chibi, modern clothing, cars, technology, ui, hud, low quality, blurry, oversaturated"
"pairs/camel_adaptation_charge.png","Sandstorm Charge, wide landscape scene depicting tusked beasts and trampling cavalry interacting with sun-bleached camels and dune ridges, composition spans the full horizontal frame, foreground action with atmospheric background, dominant palette amber dust balanced against ochre gold, mood: forward motion, dust trails crossed with dry shimmer, baked sand, evokes: Your camel riders charge through the desert and leave a howling storm in their wake. The sands rise at your command, blinding everything in your path., fantasy card illustration in the style of Magic the Gathering art, full-bleed landscape composition, edge-to-edge artwork, cinematic horizontal framing, painterly ink and wash, muted earth-tones with one dominant accent color, atmospheric lighting, arcane and martial mood, no painted frame, no inner border, no decorative trim, no text, no letters, no numbers, no UI, no card frame","painted frame, decorative border, double border, ornate trim, ornamental frame, filigree border, tarot card border, card frame, vignette frame, inner border, text, letters, numbers, words, signature, watermark, caption, label, logo, title bar, portrait orientation, vertical composition, centered medallion, symmetrical heraldic layout, photo, photograph, photorealistic, 3d render, cgi, anime, manga, chibi, modern clothing, cars, technology, ui, hud, low quality, blurry, oversaturated"
"pairs/charge_slaving.png","Press-Ganged Cavalry, wide landscape scene depicting tusked beasts and trampling cavalry interacting with iron chains and tally markings, composition spans the full horizontal frame, foreground action with atmospheric background, dominant palette amber dust balanced against rust red, mood: forward motion, dust trails crossed with cruel order, branded marks, evokes: Your thundering charge does not merely kill — it takes. Enemies are broken and bound in a single pass, dragged back to swell your ranks., fantasy card illustration in the style of Magic the Gathering art, full-bleed landscape composition, edge-to-edge artwork, cinematic horizontal framing, painterly ink and wash, muted earth-tones with one dominant accent color, atmospheric lighting, arcane and martial mood, no painted frame, no inner border, no decorative trim, no text, no letters, no numbers, no UI, no card frame","painted frame, decorative border, double border, ornate trim, ornamental frame, filigree border, tarot card border, card frame, vignette frame, inner border, text, letters, numbers, words, signature, watermark, caption, label, logo, title bar, portrait orientation, vertical composition, centered medallion, symmetrical heraldic layout, photo, photograph, photorealistic, 3d render, cgi, anime, manga, chibi, modern clothing, cars, technology, ui, hud, low quality, blurry, oversaturated"
"pairs/charge_heavy_hitter.png","Unstoppable Momentum, wide landscape scene depicting tusked beasts and trampling cavalry interacting with mauls, anvils, broken stone, composition spans the full horizontal frame, foreground action with atmospheric background, dominant palette amber dust balanced against cold slate, mood: forward motion, dust trails crossed with crushing weight, evokes: The longer your heavy cavalry runs, the harder they hit — a rolling boulder of muscle and steel that stuns everything it touches., fantasy card illustration in the style of Magic the Gathering art, full-bleed landscape composition, edge-to-edge artwork, cinematic horizontal framing, painterly ink and wash, muted earth-tones with one dominant accent color, atmospheric lighting, arcane and martial mood, no painted frame, no inner border, no decorative trim, no text, no letters, no numbers, no UI, no card frame","painted frame, decorative border, double border, ornate trim, ornamental frame, filigree border, tarot card border, card frame, vignette frame, inner border, text, letters, numbers, words, signature, watermark, caption, label, logo, title bar, portrait orientation, vertical composition, centered medallion, symmetrical heraldic layout, photo, photograph, photorealistic, 3d render, cgi, anime, manga, chibi, modern clothing, cars, technology, ui, hud, low quality, blurry, oversaturated"
"pairs/charge_charge.png","Stampede Horde, wide landscape scene depicting tusked beasts and trampling cavalry interacting with tusked beasts and trampling cavalry, composition spans the full horizontal frame, foreground action with atmospheric background, dominant palette amber dust balanced against amber dust, mood: forward motion, dust trails crossed with forward motion, dust trails, evokes: When two of your charges collide with the enemy, the impact cascades — victims slam into each other like stones in an avalanche., fantasy card illustration in the style of Magic the Gathering art, full-bleed landscape composition, edge-to-edge artwork, cinematic horizontal framing, painterly ink and wash, muted earth-tones with one dominant accent color, atmospheric lighting, arcane and martial mood, no painted frame, no inner border, no decorative trim, no text, no letters, no numbers, no UI, no card frame","painted frame, decorative border, double border, ornate trim, ornamental frame, filigree border, tarot card border, card frame, vignette frame, inner border, text, letters, numbers, words, signature, watermark, caption, label, logo, title bar, portrait orientation, vertical composition, centered medallion, symmetrical heraldic layout, photo, photograph, photorealistic, 3d render, cgi, anime, manga, chibi, modern clothing, cars, technology, ui, hud, low quality, blurry, oversaturated"
"pairs/hitrun_tidal_warfare.png","Coastal Raid, wide landscape scene depicting darting arrows and feathered wind-marks interacting with cresting waves and prow-ships, composition spans the full horizontal frame, foreground action with atmospheric background, dominant palette silver-grey balanced against deep cyan, mood: flickering speed crossed with crashing surf, salt spray, evokes: Your raiders strike from the sea and vanish back into it. No army can chase you where the waves take your ships., fantasy card illustration in the style of Magic the Gathering art, full-bleed landscape composition, edge-to-edge artwork, cinematic horizontal framing, painterly ink and wash, muted earth-tones with one dominant accent color, atmospheric lighting, arcane and martial mood, no painted frame, no inner border, no decorative trim, no text, no letters, no numbers, no UI, no card frame","painted frame, decorative border, double border, ornate trim, ornamental frame, filigree border, tarot card border, card frame, vignette frame, inner border, text, letters, numbers, words, signature, watermark, caption, label, logo, title bar, portrait orientation, vertical composition, centered medallion, symmetrical heraldic layout, photo, photograph, photorealistic, 3d render, cgi, anime, manga, chibi, modern clothing, cars, technology, ui, hud, low quality, blurry, oversaturated"
"pairs/hitrun_nature_healing.png","Healing Retreat, wide landscape scene depicting darting arrows and feathered wind-marks interacting with leafing branches and resting deer, composition spans the full horizontal frame, foreground action with atmospheric background, dominant palette silver-grey balanced against leaf green, mood: flickering speed crossed with soft luminance, restorative, evokes: Every wound your skirmishers inflict feeds their own vitality. Strike and withdraw, stronger than before — war as sustenance., fantasy card illustration in the style of Magic the Gathering art, full-bleed landscape composition, edge-to-edge artwork, cinematic horizontal framing, painterly ink and wash, muted earth-tones with one dominant accent color, atmospheric lighting, arcane and martial mood, no painted frame, no inner border, no decorative trim, no text, no letters, no numbers, no UI, no card frame","painted frame, decorative border, double border, ornate trim, ornamental frame, filigree border, tarot card border, card frame, vignette frame, inner border, text, letters, numbers, words, signature, watermark, caption, label, logo, title bar, portrait orientation, vertical composition, centered medallion, symmetrical heraldic layout, photo, photograph, photorealistic, 3d render, cgi, anime, manga, chibi, modern clothing, cars, technology, ui, hud, low quality, blurry, oversaturated"
"pairs/hitrun_river_stealth.png","Shadow Step, wide landscape scene depicting darting arrows and feathered wind-marks interacting with reeds, mist on still water, half-submerged eyes, composition spans the full horizontal frame, foreground action with atmospheric background, dominant palette silver-grey balanced against violet shadow, mood: flickering speed crossed with hidden, glassy water, evokes: Your shadow fighters attack and dissolve into darkness in the same breath. They cannot be caught because they are never where they appear to be., fantasy card illustration in the style of Magic the Gathering art, full-bleed landscape composition, edge-to-edge artwork, cinematic horizontal framing, painterly ink and wash, muted earth-tones with one dominant accent color, atmospheric lighting, arcane and martial mood, no painted frame, no inner border, no decorative trim, no text, no letters, no numbers, no UI, no card frame","painted frame, decorative border, double border, ornate trim, ornamental frame, filigree border, tarot card border, card frame, vignette frame, inner border, text, letters, numbers, words, signature, watermark, caption, label, logo, title bar, portrait orientation, vertical composition, centered medallion, symmetrical heraldic layout, photo, photograph, photorealistic, 3d render, cgi, anime, manga, chibi, modern clothing, cars, technology, ui, hud, low quality, blurry, oversaturated"
"pairs/camel_adaptation_hitrun.png","Desert Ghost, wide landscape scene depicting darting arrows and feathered wind-marks interacting with sun-bleached camels and dune ridges, composition spans the full horizontal frame, foreground action with atmospheric background, dominant palette silver-grey balanced against ochre gold, mood: flickering speed crossed with dry shimmer, baked sand, evokes: Your desert raiders pass through terrain no army should survive. They vanish into the wastes and reappear where you least expect, refreshed and hidden once more., fantasy card illustration in the style of Magic the Gathering art, full-bleed landscape composition, edge-to-edge artwork, cinematic horizontal framing, painterly ink and wash, muted earth-tones with one dominant accent color, atmospheric lighting, arcane and martial mood, no painted frame, no inner border, no decorative trim, no text, no letters, no numbers, no UI, no card frame","painted frame, decorative border, double border, ornate trim, ornamental frame, filigree border, tarot card border, card frame, vignette frame, inner border, text, letters, numbers, words, signature, watermark, caption, label, logo, title bar, portrait orientation, vertical composition, centered medallion, symmetrical heraldic layout, photo, photograph, photorealistic, 3d render, cgi, anime, manga, chibi, modern clothing, cars, technology, ui, hud, low quality, blurry, oversaturated"
"pairs/hitrun_slaving.png","Raid Retreat, wide landscape scene depicting darting arrows and feathered wind-marks interacting with iron chains and tally markings, composition spans the full horizontal frame, foreground action with atmospheric background, dominant palette silver-grey balanced against rust red, mood: flickering speed crossed with cruel order, branded marks, evokes: Your raiders don't just wound — they take. A swift strike, a bound captive, and then gone before the enemy can count their missing., fantasy card illustration in the style of Magic the Gathering art, full-bleed landscape composition, edge-to-edge artwork, cinematic horizontal framing, painterly ink and wash, muted earth-tones with one dominant accent color, atmospheric lighting, arcane and martial mood, no painted frame, no inner border, no decorative trim, no text, no letters, no numbers, no UI, no card frame","painted frame, decorative border, double border, ornate trim, ornamental frame, filigree border, tarot card border, card frame, vignette frame, inner border, text, letters, numbers, words, signature, watermark, caption, label, logo, title bar, portrait orientation, vertical composition, centered medallion, symmetrical heraldic layout, photo, photograph, photorealistic, 3d render, cgi, anime, manga, chibi, modern clothing, cars, technology, ui, hud, low quality, blurry, oversaturated"
"pairs/heavy_hitter_hitrun.png","Heavy Skirmish, wide landscape scene depicting darting arrows and feathered wind-marks interacting with mauls, anvils, broken stone, composition spans the full horizontal frame, foreground action with atmospheric background, dominant palette silver-grey balanced against cold slate, mood: flickering speed crossed with crushing weight, evokes: Your heavy skirmishers punish anyone foolish enough to let them retreat. The disengage is just another attack — full force, no mercy., fantasy card illustration in the style of Magic the Gathering art, full-bleed landscape composition, edge-to-edge artwork, cinematic horizontal framing, painterly ink and wash, muted earth-tones with one dominant accent color, atmospheric lighting, arcane and martial mood, no painted frame, no inner border, no decorative trim, no text, no letters, no numbers, no UI, no card frame","painted frame, decorative border, double border, ornate trim, ornamental frame, filigree border, tarot card border, card frame, vignette frame, inner border, text, letters, numbers, words, signature, watermark, caption, label, logo, title bar, portrait orientation, vertical composition, centered medallion, symmetrical heraldic layout, photo, photograph, photorealistic, 3d render, cgi, anime, manga, chibi, modern clothing, cars, technology, ui, hud, low quality, blurry, oversaturated"
"pairs/hitrun_hitrun.png","Swarm Tactics, wide landscape scene depicting darting arrows and feathered wind-marks interacting with darting arrows and feathered wind-marks, composition spans the full horizontal frame, foreground action with atmospheric background, dominant palette silver-grey balanced against silver-grey, mood: flickering speed crossed with flickering speed, evokes: Your swarm tactics overwhelm any single target. The first strike opens the gap; each subsequent hit drives deeper, ignoring whatever defense remains., fantasy card illustration in the style of Magic the Gathering art, full-bleed landscape composition, edge-to-edge artwork, cinematic horizontal framing, painterly ink and wash, muted earth-tones with one dominant accent color, atmospheric lighting, arcane and martial mood, no painted frame, no inner border, no decorative trim, no text, no letters, no numbers, no UI, no card frame","painted frame, decorative border, double border, ornate trim, ornamental frame, filigree border, tarot card border, card frame, vignette frame, inner border, text, letters, numbers, words, signature, watermark, caption, label, logo, title bar, portrait orientation, vertical composition, centered medallion, symmetrical heraldic layout, photo, photograph, photorealistic, 3d render, cgi, anime, manga, chibi, modern clothing, cars, technology, ui, hud, low quality, blurry, oversaturated"
"pairs/nature_healing_tidal_warfare.png","Tidal Restoration, wide landscape scene depicting cresting waves and prow-ships interacting with leafing branches and resting deer, composition spans the full horizontal frame, foreground action with atmospheric background, dominant palette deep cyan balanced against leaf green, mood: crashing surf, salt spray crossed with soft luminance, restorative, evokes: Your sea-priests call upon the tide to cleanse and restore. Poison, stun, weariness — all wash away in the healing waters., fantasy card illustration in the style of Magic the Gathering art, full-bleed landscape composition, edge-to-edge artwork, cinematic horizontal framing, painterly ink and wash, muted earth-tones with one dominant accent color, atmospheric lighting, arcane and martial mood, no painted frame, no inner border, no decorative trim, no text, no letters, no numbers, no UI, no card frame","painted frame, decorative border, double border, ornate trim, ornamental frame, filigree border, tarot card border, card frame, vignette frame, inner border, text, letters, numbers, words, signature, watermark, caption, label, logo, title bar, portrait orientation, vertical composition, centered medallion, symmetrical heraldic layout, photo, photograph, photorealistic, 3d render, cgi, anime, manga, chibi, modern clothing, cars, technology, ui, hud, low quality, blurry, oversaturated"
"pairs/river_stealth_tidal_warfare.png","Silent Landing, wide landscape scene depicting cresting waves and prow-ships interacting with reeds, mist on still water, half-submerged eyes, composition spans the full horizontal frame, foreground action with atmospheric background, dominant palette deep cyan balanced against violet shadow, mood: crashing surf, salt spray crossed with hidden, glassy water, evokes: Your forces arrive from the sea in total silence, landing unseen and striking with devastating surprise. Even the troops you transport move like ghosts., fantasy card illustration in the style of Magic the Gathering art, full-bleed landscape composition, edge-to-edge artwork, cinematic horizontal framing, painterly ink and wash, muted earth-tones with one dominant accent color, atmospheric lighting, arcane and martial mood, no painted frame, no inner border, no decorative trim, no text, no letters, no numbers, no UI, no card frame","painted frame, decorative border, double border, ornate trim, ornamental frame, filigree border, tarot card border, card frame, vignette frame, inner border, text, letters, numbers, words, signature, watermark, caption, label, logo, title bar, portrait orientation, vertical composition, centered medallion, symmetrical heraldic layout, photo, photograph, photorealistic, 3d render, cgi, anime, manga, chibi, modern clothing, cars, technology, ui, hud, low quality, blurry, oversaturated"
"pairs/camel_adaptation_tidal_warfare.png","Shoreline Nomads, wide landscape scene depicting cresting waves and prow-ships interacting with sun-bleached camels and dune ridges, composition spans the full horizontal frame, foreground action with atmospheric background, dominant palette deep cyan balanced against ochre gold, mood: crashing surf, salt spray crossed with dry shimmer, baked sand, evokes: Your riders move between sea and sand as if they were one terrain. Coast, desert, shallows — all are home, all are conquered with equal speed., fantasy card illustration in the style of Magic the Gathering art, full-bleed landscape composition, edge-to-edge artwork, cinematic horizontal framing, painterly ink and wash, muted earth-tones with one dominant accent color, atmospheric lighting, arcane and martial mood, no painted frame, no inner border, no decorative trim, no text, no letters, no numbers, no UI, no card frame","painted frame, decorative border, double border, ornate trim, ornamental frame, filigree border, tarot card border, card frame, vignette frame, inner border, text, letters, numbers, words, signature, watermark, caption, label, logo, title bar, portrait orientation, vertical composition, centered medallion, symmetrical heraldic layout, photo, photograph, photorealistic, 3d render, cgi, anime, manga, chibi, modern clothing, cars, technology, ui, hud, low quality, blurry, oversaturated"
"pairs/slaving_tidal_warfare.png","Naval Slave Raid, wide landscape scene depicting cresting waves and prow-ships interacting with iron chains and tally markings, composition spans the full horizontal frame, foreground action with atmospheric background, dominant palette deep cyan balanced against rust red, mood: crashing surf, salt spray crossed with cruel order, branded marks, evokes: Your slave ships pluck prisoners from the shore without ever docking. The sea delivers your captives, and every one is worth double in your cities., fantasy card illustration in the style of Magic the Gathering art, full-bleed landscape composition, edge-to-edge artwork, cinematic horizontal framing, painterly ink and wash, muted earth-tones with one dominant accent color, atmospheric lighting, arcane and martial mood, no painted frame, no inner border, no decorative trim, no text, no letters, no numbers, no UI, no card frame","painted frame, decorative border, double border, ornate trim, ornamental frame, filigree border, tarot card border, card frame, vignette frame, inner border, text, letters, numbers, words, signature, watermark, caption, label, logo, title bar, portrait orientation, vertical composition, centered medallion, symmetrical heraldic layout, photo, photograph, photorealistic, 3d render, cgi, anime, manga, chibi, modern clothing, cars, technology, ui, hud, low quality, blurry, oversaturated"
"pairs/heavy_hitter_tidal_warfare.png","Ironclad Tide, wide landscape scene depicting cresting waves and prow-ships interacting with mauls, anvils, broken stone, composition spans the full horizontal frame, foreground action with atmospheric background, dominant palette deep cyan balanced against cold slate, mood: crashing surf, salt spray crossed with crushing weight, evokes: Your heavy fleet turns the coast into a killing ground. Ramming, bombardment, coastal assault — your iron-clad ships know no mercy near shore., fantasy card illustration in the style of Magic the Gathering art, full-bleed landscape composition, edge-to-edge artwork, cinematic horizontal framing, painterly ink and wash, muted earth-tones with one dominant accent color, atmospheric lighting, arcane and martial mood, no painted frame, no inner border, no decorative trim, no text, no letters, no numbers, no UI, no card frame","painted frame, decorative border, double border, ornate trim, ornamental frame, filigree border, tarot card border, card frame, vignette frame, inner border, text, letters, numbers, words, signature, watermark, caption, label, logo, title bar, portrait orientation, vertical composition, centered medallion, symmetrical heraldic layout, photo, photograph, photorealistic, 3d render, cgi, anime, manga, chibi, modern clothing, cars, technology, ui, hud, low quality, blurry, oversaturated"
"pairs/tidal_warfare_tidal_warfare.png","Armada, wide landscape scene depicting cresting waves and prow-ships interacting with cresting waves and prow-ships, composition spans the full horizontal frame, foreground action with atmospheric background, dominant palette deep cyan balanced against deep cyan, mood: crashing surf, salt spray crossed with crashing surf, salt spray, evokes: Your fleet fights as a single organism. One ship fires and every vessel nearby adds its weight to the volley. The ocean itself conspires in your bombardment., fantasy card illustration in the style of Magic the Gathering art, full-bleed landscape composition, edge-to-edge artwork, cinematic horizontal framing, painterly ink and wash, muted earth-tones with one dominant accent color, atmospheric lighting, arcane and martial mood, no painted frame, no inner border, no decorative trim, no text, no letters, no numbers, no UI, no card frame","painted frame, decorative border, double border, ornate trim, ornamental frame, filigree border, tarot card border, card frame, vignette frame, inner border, text, letters, numbers, words, signature, watermark, caption, label, logo, title bar, portrait orientation, vertical composition, centered medallion, symmetrical heraldic layout, photo, photograph, photorealistic, 3d render, cgi, anime, manga, chibi, modern clothing, cars, technology, ui, hud, low quality, blurry, oversaturated"
"pairs/nature_healing_river_stealth.png","Nature's Veil, wide landscape scene depicting leafing branches and resting deer interacting with reeds, mist on still water, half-submerged eyes, composition spans the full horizontal frame, foreground action with atmospheric background, dominant palette leaf green balanced against violet shadow, mood: soft luminance, restorative crossed with hidden, glassy water, evokes: Your nature-speakers weave living camouflage around themselves and all who stand nearby. An entire army can vanish beneath the forest's breath., fantasy card illustration in the style of Magic the Gathering art, full-bleed landscape composition, edge-to-edge artwork, cinematic horizontal framing, painterly ink and wash, muted earth-tones with one dominant accent color, atmospheric lighting, arcane and martial mood, no painted frame, no inner border, no decorative trim, no text, no letters, no numbers, no UI, no card frame","painted frame, decorative border, double border, ornate trim, ornamental frame, filigree border, tarot card border, card frame, vignette frame, inner border, text, letters, numbers, words, signature, watermark, caption, label, logo, title bar, portrait orientation, vertical composition, centered medallion, symmetrical heraldic layout, photo, photograph, photorealistic, 3d render, cgi, anime, manga, chibi, modern clothing, cars, technology, ui, hud, low quality, blurry, oversaturated"
"pairs/camel_adaptation_nature_healing.png","Oasis, wide landscape scene depicting leafing branches and resting deer interacting with sun-bleached camels and dune ridges, composition spans the full horizontal frame, foreground action with atmospheric background, dominant palette leaf green balanced against ochre gold, mood: soft luminance, restorative crossed with dry shimmer, baked sand, evokes: Your camel healers create living oases in the harshest terrain. Around them, the desert blooms and your warriors are restored to full vigor., fantasy card illustration in the style of Magic the Gathering art, full-bleed landscape composition, edge-to-edge artwork, cinematic horizontal framing, painterly ink and wash, muted earth-tones with one dominant accent color, atmospheric lighting, arcane and martial mood, no painted frame, no inner border, no decorative trim, no text, no letters, no numbers, no UI, no card frame","painted frame, decorative border, double border, ornate trim, ornamental frame, filigree border, tarot card border, card frame, vignette frame, inner border, text, letters, numbers, words, signature, watermark, caption, label, logo, title bar, portrait orientation, vertical composition, centered medallion, symmetrical heraldic layout, photo, photograph, photorealistic, 3d render, cgi, anime, manga, chibi, modern clothing, cars, technology, ui, hud, low quality, blurry, oversaturated"
"pairs/nature_healing_slaving.png","Forced Labor, wide landscape scene depicting leafing branches and resting deer interacting with iron chains and tally markings, composition spans the full horizontal frame, foreground action with atmospheric background, dominant palette leaf green balanced against rust red, mood: soft luminance, restorative crossed with cruel order, branded marks, evokes: Your healers tend to their slaves — not out of mercy, but efficiency. A healthy slave produces more, fights longer, and is worth more alive than dead., fantasy card illustration in the style of Magic the Gathering art, full-bleed landscape composition, edge-to-edge artwork, cinematic horizontal framing, painterly ink and wash, muted earth-tones with one dominant accent color, atmospheric lighting, arcane and martial mood, no painted frame, no inner border, no decorative trim, no text, no letters, no numbers, no UI, no card frame","painted frame, decorative border, double border, ornate trim, ornamental frame, filigree border, tarot card border, card frame, vignette frame, inner border, text, letters, numbers, words, signature, watermark, caption, label, logo, title bar, portrait orientation, vertical composition, centered medallion, symmetrical heraldic layout, photo, photograph, photorealistic, 3d render, cgi, anime, manga, chibi, modern clothing, cars, technology, ui, hud, low quality, blurry, oversaturated"
"pairs/heavy_hitter_nature_healing.png","Berserker Regen, wide landscape scene depicting leafing branches and resting deer interacting with mauls, anvils, broken stone, composition spans the full horizontal frame, foreground action with atmospheric background, dominant palette leaf green balanced against cold slate, mood: soft luminance, restorative crossed with crushing weight, evokes: Your heavy warriors wade into battle and emerge healthier than they entered. Each enemy felled floods them with renewed vitality — violence as medicine., fantasy card illustration in the style of Magic the Gathering art, full-bleed landscape composition, edge-to-edge artwork, cinematic horizontal framing, painterly ink and wash, muted earth-tones with one dominant accent color, atmospheric lighting, arcane and martial mood, no painted frame, no inner border, no decorative trim, no text, no letters, no numbers, no UI, no card frame","painted frame, decorative border, double border, ornate trim, ornamental frame, filigree border, tarot card border, card frame, vignette frame, inner border, text, letters, numbers, words, signature, watermark, caption, label, logo, title bar, portrait orientation, vertical composition, centered medallion, symmetrical heraldic layout, photo, photograph, photorealistic, 3d render, cgi, anime, manga, chibi, modern clothing, cars, technology, ui, hud, low quality, blurry, oversaturated"
"pairs/nature_healing_nature_healing.png","Life Bloom, wide landscape scene depicting leafing branches and resting deer interacting with leafing branches and resting deer, composition spans the full horizontal frame, foreground action with atmospheric background, dominant palette leaf green balanced against leaf green, mood: soft luminance, restorative crossed with soft luminance, restorative, evokes: Your healers sing the earth itself back to life. In their presence, wounds close like they were never opened and allies move with supernatural energy., fantasy card illustration in the style of Magic the Gathering art, full-bleed landscape composition, edge-to-edge artwork, cinematic horizontal framing, painterly ink and wash, muted earth-tones with one dominant accent color, atmospheric lighting, arcane and martial mood, no painted frame, no inner border, no decorative trim, no text, no letters, no numbers, no UI, no card frame","painted frame, decorative border, double border, ornate trim, ornamental frame, filigree border, tarot card border, card frame, vignette frame, inner border, text, letters, numbers, words, signature, watermark, caption, label, logo, title bar, portrait orientation, vertical composition, centered medallion, symmetrical heraldic layout, photo, photograph, photorealistic, 3d render, cgi, anime, manga, chibi, modern clothing, cars, technology, ui, hud, low quality, blurry, oversaturated"
"pairs/camel_adaptation_river_stealth.png","Mirage, wide landscape scene depicting reeds, mist on still water, half-submerged eyes interacting with sun-bleached camels and dune ridges, composition spans the full horizontal frame, foreground action with atmospheric background, dominant palette violet shadow balanced against ochre gold, mood: hidden, glassy water crossed with dry shimmer, baked sand, evokes: Your desert stalkers are one with the sands — permanently invisible in the wastes. Every step spawns a mirage, and the enemy chases shadows while you strike from the real., fantasy card illustration in the style of Magic the Gathering art, full-bleed landscape composition, edge-to-edge artwork, cinematic horizontal framing, painterly ink and wash, muted earth-tones with one dominant accent color, atmospheric lighting, arcane and martial mood, no painted frame, no inner border, no decorative trim, no text, no letters, no numbers, no UI, no card frame","painted frame, decorative border, double border, ornate trim, ornamental frame, filigree border, tarot card border, card frame, vignette frame, inner border, text, letters, numbers, words, signature, watermark, caption, label, logo, title bar, portrait orientation, vertical composition, centered medallion, symmetrical heraldic layout, photo, photograph, photorealistic, 3d render, cgi, anime, manga, chibi, modern clothing, cars, technology, ui, hud, low quality, blurry, oversaturated"
"pairs/river_stealth_slaving.png","Ambush Captors, wide landscape scene depicting reeds, mist on still water, half-submerged eyes interacting with iron chains and tally markings, composition spans the full horizontal frame, foreground action with atmospheric background, dominant palette violet shadow balanced against rust red, mood: hidden, glassy water crossed with cruel order, branded marks, evokes: Your ambushers don't just kill — they take. A silent strike, a bound captive, and then they vanish into terrain as though they were never there., fantasy card illustration in the style of Magic the Gathering art, full-bleed landscape composition, edge-to-edge artwork, cinematic horizontal framing, painterly ink and wash, muted earth-tones with one dominant accent color, atmospheric lighting, arcane and martial mood, no painted frame, no inner border, no decorative trim, no text, no letters, no numbers, no UI, no card frame","painted frame, decorative border, double border, ornate trim, ornamental frame, filigree border, tarot card border, card frame, vignette frame, inner border, text, letters, numbers, words, signature, watermark, caption, label, logo, title bar, portrait orientation, vertical composition, centered medallion, symmetrical heraldic layout, photo, photograph, photorealistic, 3d render, cgi, anime, manga, chibi, modern clothing, cars, technology, ui, hud, low quality, blurry, oversaturated"
"pairs/heavy_hitter_river_stealth.png","Assassin's Blow, wide landscape scene depicting reeds, mist on still water, half-submerged eyes interacting with mauls, anvils, broken stone, composition spans the full horizontal frame, foreground action with atmospheric background, dominant palette violet shadow balanced against cold slate, mood: hidden, glassy water crossed with crushing weight, evokes: Your assassins carry hammers instead of daggers. A single stealth strike from them doesn't just wound — it strips away every layer of protection, permanently., fantasy card illustration in the style of Magic the Gathering art, full-bleed landscape composition, edge-to-edge artwork, cinematic horizontal framing, painterly ink and wash, muted earth-tones with one dominant accent color, atmospheric lighting, arcane and martial mood, no painted frame, no inner border, no decorative trim, no text, no letters, no numbers, no UI, no card frame","painted frame, decorative border, double border, ornate trim, ornamental frame, filigree border, tarot card border, card frame, vignette frame, inner border, text, letters, numbers, words, signature, watermark, caption, label, logo, title bar, portrait orientation, vertical composition, centered medallion, symmetrical heraldic layout, photo, photograph, photorealistic, 3d render, cgi, anime, manga, chibi, modern clothing, cars, technology, ui, hud, low quality, blurry, oversaturated"
"pairs/river_stealth_river_stealth.png","Shadow Network, wide landscape scene depicting reeds, mist on still water, half-submerged eyes interacting with reeds, mist on still water, half-submerged eyes, composition spans the full horizontal frame, foreground action with atmospheric background, dominant palette violet shadow balanced against violet shadow, mood: hidden, glassy water crossed with hidden, glassy water, evokes: Your shadow agents operate as a web — they swap positions at will, and catching one reveals nothing about the rest. The network has no center to cut., fantasy card illustration in the style of Magic the Gathering art, full-bleed landscape composition, edge-to-edge artwork, cinematic horizontal framing, painterly ink and wash, muted earth-tones with one dominant accent color, atmospheric lighting, arcane and martial mood, no painted frame, no inner border, no decorative trim, no text, no letters, no numbers, no UI, no card frame","painted frame, decorative border, double border, ornate trim, ornamental frame, filigree border, tarot card border, card frame, vignette frame, inner border, text, letters, numbers, words, signature, watermark, caption, label, logo, title bar, portrait orientation, vertical composition, centered medallion, symmetrical heraldic layout, photo, photograph, photorealistic, 3d render, cgi, anime, manga, chibi, modern clothing, cars, technology, ui, hud, low quality, blurry, oversaturated"
"pairs/camel_adaptation_slaving.png","Desert Slave Train, wide landscape scene depicting sun-bleached camels and dune ridges interacting with iron chains and tally markings, composition spans the full horizontal frame, foreground action with atmospheric background, dominant palette ochre gold balanced against rust red, mood: dry shimmer, baked sand crossed with cruel order, branded marks, evokes: Your desert raiders carry captives like cargo, releasing them anywhere along their route. Every raid is a supply run — human cargo delivered to your cities., fantasy card illustration in the style of Magic the Gathering art, full-bleed landscape composition, edge-to-edge artwork, cinematic horizontal framing, painterly ink and wash, muted earth-tones with one dominant accent color, atmospheric lighting, arcane and martial mood, no painted frame, no inner border, no decorative trim, no text, no letters, no numbers, no UI, no card frame","painted frame, decorative border, double border, ornate trim, ornamental frame, filigree border, tarot card border, card frame, vignette frame, inner border, text, letters, numbers, words, signature, watermark, caption, label, logo, title bar, portrait orientation, vertical composition, centered medallion, symmetrical heraldic layout, photo, photograph, photorealistic, 3d render, cgi, anime, manga, chibi, modern clothing, cars, technology, ui, hud, low quality, blurry, oversaturated"
"pairs/camel_adaptation_heavy_hitter.png","Sand Titan, wide landscape scene depicting sun-bleached camels and dune ridges interacting with mauls, anvils, broken stone, composition spans the full horizontal frame, foreground action with atmospheric background, dominant palette ochre gold balanced against cold slate, mood: dry shimmer, baked sand crossed with crushing weight, evokes: Your camel titans carry a perpetual sandstorm with them. Around them, nothing strikes true — enemies grope blindly while your forces move unhindered., fantasy card illustration in the style of Magic the Gathering art, full-bleed landscape composition, edge-to-edge artwork, cinematic horizontal framing, painterly ink and wash, muted earth-tones with one dominant accent color, atmospheric lighting, arcane and martial mood, no painted frame, no inner border, no decorative trim, no text, no letters, no numbers, no UI, no card frame","painted frame, decorative border, double border, ornate trim, ornamental frame, filigree border, tarot card border, card frame, vignette frame, inner border, text, letters, numbers, words, signature, watermark, caption, label, logo, title bar, portrait orientation, vertical composition, centered medallion, symmetrical heraldic layout, photo, photograph, photorealistic, 3d render, cgi, anime, manga, chibi, modern clothing, cars, technology, ui, hud, low quality, blurry, oversaturated"
"pairs/camel_adaptation_camel_adaptation.png","Nomad Network, wide landscape scene depicting sun-bleached camels and dune ridges interacting with sun-bleached camels and dune ridges, composition spans the full horizontal frame, foreground action with atmospheric background, dominant palette ochre gold balanced against ochre gold, mood: dry shimmer, baked sand crossed with dry shimmer, baked sand, evokes: Your camel network shares sight across the desert — what one sees, all know. The relay march lets your entire force reposition with uncanny speed., fantasy card illustration in the style of Magic the Gathering art, full-bleed landscape composition, edge-to-edge artwork, cinematic horizontal framing, painterly ink and wash, muted earth-tones with one dominant accent color, atmospheric lighting, arcane and martial mood, no painted frame, no inner border, no decorative trim, no text, no letters, no numbers, no UI, no card frame","painted frame, decorative border, double border, ornate trim, ornamental frame, filigree border, tarot card border, card frame, vignette frame, inner border, text, letters, numbers, words, signature, watermark, caption, label, logo, title bar, portrait orientation, vertical composition, centered medallion, symmetrical heraldic layout, photo, photograph, photorealistic, 3d render, cgi, anime, manga, chibi, modern clothing, cars, technology, ui, hud, low quality, blurry, oversaturated"
"pairs/slaving_slaving.png","Slave Army, wide landscape scene depicting iron chains and tally markings interacting with iron chains and tally markings, composition spans the full horizontal frame, foreground action with atmospheric background, dominant palette rust red balanced against rust red, mood: cruel order, branded marks crossed with cruel order, branded marks, evokes: Your slave hordes fight with desperate fury — strong but brittle. When one falls, the others surge forward in rage, and their numbers make them impossible to contain., fantasy card illustration in the style of Magic the Gathering art, full-bleed landscape composition, edge-to-edge artwork, cinematic horizontal framing, painterly ink and wash, muted earth-tones with one dominant accent color, atmospheric lighting, arcane and martial mood, no painted frame, no inner border, no decorative trim, no text, no letters, no numbers, no UI, no card frame","painted frame, decorative border, double border, ornate trim, ornamental frame, filigree border, tarot card border, card frame, vignette frame, inner border, text, letters, numbers, words, signature, watermark, caption, label, logo, title bar, portrait orientation, vertical composition, centered medallion, symmetrical heraldic layout, photo, photograph, photorealistic, 3d render, cgi, anime, manga, chibi, modern clothing, cars, technology, ui, hud, low quality, blurry, oversaturated"
"pairs/heavy_hitter_slaving.png","Overseer's Rule, wide landscape scene depicting iron chains and tally markings interacting with mauls, anvils, broken stone, composition spans the full horizontal frame, foreground action with atmospheric background, dominant palette rust red balanced against cold slate, mood: cruel order, branded marks crossed with crushing weight, evokes: Your overseers drive slaves to superhuman effort with fear and force. Near a heavy taskmaster, captives fight with unnatural reach and murderous zeal., fantasy card illustration in the style of Magic the Gathering art, full-bleed landscape composition, edge-to-edge artwork, cinematic horizontal framing, painterly ink and wash, muted earth-tones with one dominant accent color, atmospheric lighting, arcane and martial mood, no painted frame, no inner border, no decorative trim, no text, no letters, no numbers, no UI, no card frame","painted frame, decorative border, double border, ornate trim, ornamental frame, filigree border, tarot card border, card frame, vignette frame, inner border, text, letters, numbers, words, signature, watermark, caption, label, logo, title bar, portrait orientation, vertical composition, centered medallion, symmetrical heraldic layout, photo, photograph, photorealistic, 3d render, cgi, anime, manga, chibi, modern clothing, cars, technology, ui, hud, low quality, blurry, oversaturated"
"pairs/heavy_hitter_heavy_hitter.png","Crushing Weight, wide landscape scene depicting mauls, anvils, broken stone interacting with mauls, anvils, broken stone, composition spans the full horizontal frame, foreground action with atmospheric background, dominant palette cold slate balanced against cold slate, mood: crushing weight crossed with crushing weight, evokes: When your heavy warriors send enemies flying, the impact cascades. Victims slam into walls, allies, or each other with bone-shattering force., fantasy card illustration in the style of Magic the Gathering art, full-bleed landscape composition, edge-to-edge artwork, cinematic horizontal framing, painterly ink and wash, muted earth-tones with one dominant accent color, atmospheric lighting, arcane and martial mood, no painted frame, no inner border, no decorative trim, no text, no letters, no numbers, no UI, no card frame","painted frame, decorative border, double border, ornate trim, ornamental frame, filigree border, tarot card border, card frame, vignette frame, inner border, text, letters, numbers, words, signature, watermark, caption, label, logo, title bar, portrait orientation, vertical composition, centered medallion, symmetrical heraldic layout, photo, photograph, photorealistic, 3d render, cgi, anime, manga, chibi, modern clothing, cars, technology, ui, hud, low quality, blurry, oversaturated"
"triples/jungle_clan_terrain_lord.png","Terrain Lord — splash rare scene depicting Jungle Clans at the moment of an emergent power, setting: verdant rainforest, dripping vines, jaguar pelts, wide cinematic landscape composition, dramatic depth from foreground to horizon, iconography woven into the scene: sun-bleached camels and dune ridges; cresting waves and prow-ships; mauls, anvils, broken stone, heightened drama, painterly highlights, the rarest card in the deck, evokes: Your armies become the land's true masters. The terrain bends to your will — you reshape it, charge through it, and weaponize it like no force before you., fantasy card illustration in the style of Magic the Gathering art, full-bleed landscape composition, edge-to-edge artwork, cinematic horizontal framing, painterly ink and wash, muted earth-tones with one dominant accent color, atmospheric lighting, arcane and martial mood, no painted frame, no inner border, no decorative trim, no text, no letters, no numbers, no UI, no card frame","painted frame, decorative border, double border, ornate trim, ornamental frame, filigree border, tarot card border, card frame, vignette frame, inner border, text, letters, numbers, words, signature, watermark, caption, label, logo, title bar, portrait orientation, vertical composition, centered medallion, symmetrical heraldic layout, photo, photograph, photorealistic, 3d render, cgi, anime, manga, chibi, modern clothing, cars, technology, ui, hud, low quality, blurry, oversaturated"
"triples/druid_circle_terrain_lord.png","Terrain Lord — splash rare scene depicting Druid Circle at the moment of an emergent power, setting: oak grove, standing stones, antlered figures, wide cinematic landscape composition, dramatic depth from foreground to horizon, iconography woven into the scene: sun-bleached camels and dune ridges; cresting waves and prow-ships; mauls, anvils, broken stone, heightened drama, painterly highlights, the rarest card in the deck, evokes: Your armies become the land's true masters. The terrain bends to your will — you reshape it, charge through it, and weaponize it like no force before you., fantasy card illustration in the style of Magic the Gathering art, full-bleed landscape composition, edge-to-edge artwork, cinematic horizontal framing, painterly ink and wash, muted earth-tones with one dominant accent color, atmospheric lighting, arcane and martial mood, no painted frame, no inner border, no decorative trim, no text, no letters, no numbers, no UI, no card frame","painted frame, decorative border, double border, ornate trim, ornamental frame, filigree border, tarot card border, card frame, vignette frame, inner border, text, letters, numbers, words, signature, watermark, caption, label, logo, title bar, portrait orientation, vertical composition, centered medallion, symmetrical heraldic layout, photo, photograph, photorealistic, 3d render, cgi, anime, manga, chibi, modern clothing, cars, technology, ui, hud, low quality, blurry, oversaturated"
"triples/steppe_clan_terrain_lord.png","Terrain Lord — splash rare scene depicting Steppe Riders at the moment of an emergent power, setting: open grassland under wide sky, horsehair banners, wide cinematic landscape composition, dramatic depth from foreground to horizon, iconography woven into the scene: sun-bleached camels and dune ridges; cresting waves and prow-ships; mauls, anvils, broken stone, heightened drama, painterly highlights, the rarest card in the deck, evokes: Your armies become the land's true masters. The terrain bends to your will — you reshape it, charge through it, and weaponize it like no force before you., fantasy card illustration in the style of Magic the Gathering art, full-bleed landscape composition, edge-to-edge artwork, cinematic horizontal framing, painterly ink and wash, muted earth-tones with one dominant accent color, atmospheric lighting, arcane and martial mood, no painted frame, no inner border, no decorative trim, no text, no letters, no numbers, no UI, no card frame","painted frame, decorative border, double border, ornate trim, ornamental frame, filigree border, tarot card border, card frame, vignette frame, inner border, text, letters, numbers, words, signature, watermark, caption, label, logo, title bar, portrait orientation, vertical composition, centered medallion, symmetrical heraldic layout, photo, photograph, photorealistic, 3d render, cgi, anime, manga, chibi, modern clothing, cars, technology, ui, hud, low quality, blurry, oversaturated"
"triples/hill_clan_terrain_lord.png","Terrain Lord — splash rare scene depicting Hill Engineers at the moment of an emergent power, setting: craggy heights, basalt walls, terraced ridges, wide cinematic landscape composition, dramatic depth from foreground to horizon, iconography woven into the scene: sun-bleached camels and dune ridges; cresting waves and prow-ships; mauls, anvils, broken stone, heightened drama, painterly highlights, the rarest card in the deck, evokes: Your armies become the land's true masters. The terrain bends to your will — you reshape it, charge through it, and weaponize it like no force before you., fantasy card illustration in the style of Magic the Gathering art, full-bleed landscape composition, edge-to-edge artwork, cinematic horizontal framing, painterly ink and wash, muted earth-tones with one dominant accent color, atmospheric lighting, arcane and martial mood, no painted frame, no inner border, no decorative trim, no text, no letters, no numbers, no UI, no card frame","painted frame, decorative border, double border, ornate trim, ornamental frame, filigree border, tarot card border, card frame, vignette frame, inner border, text, letters, numbers, words, signature, watermark, caption, label, logo, title bar, portrait orientation, vertical composition, centered medallion, symmetrical heraldic layout, photo, photograph, photorealistic, 3d render, cgi, anime, manga, chibi, modern clothing, cars, technology, ui, hud, low quality, blurry, oversaturated"
"triples/coral_people_terrain_lord.png","Terrain Lord — splash rare scene depicting Pirate Lords at the moment of an emergent power, setting: reef-bone architecture, salt-bleached sails, brine, wide cinematic landscape composition, dramatic depth from foreground to horizon, iconography woven into the scene: sun-bleached camels and dune ridges; cresting waves and prow-ships; mauls, anvils, broken stone, heightened drama, painterly highlights, the rarest card in the deck, evokes: Your armies become the land's true masters. The terrain bends to your will — you reshape it, charge through it, and weaponize it like no force before you., fantasy card illustration in the style of Magic the Gathering art, full-bleed landscape composition, edge-to-edge artwork, cinematic horizontal framing, painterly ink and wash, muted earth-tones with one dominant accent color, atmospheric lighting, arcane and martial mood, no painted frame, no inner border, no decorative trim, no text, no letters, no numbers, no UI, no card frame","painted frame, decorative border, double border, ornate trim, ornamental frame, filigree border, tarot card border, card frame, vignette frame, inner border, text, letters, numbers, words, signature, watermark, caption, label, logo, title bar, portrait orientation, vertical composition, centered medallion, symmetrical heraldic layout, photo, photograph, photorealistic, 3d render, cgi, anime, manga, chibi, modern clothing, cars, technology, ui, hud, low quality, blurry, oversaturated"
"triples/desert_nomads_terrain_lord.png","Terrain Lord — splash rare scene depicting Desert Nomads at the moment of an emergent power, setting: red dunes and sun, woven indigo robes, wide cinematic landscape composition, dramatic depth from foreground to horizon, iconography woven into the scene: sun-bleached camels and dune ridges; cresting waves and prow-ships; mauls, anvils, broken stone, heightened drama, painterly highlights, the rarest card in the deck, evokes: Your armies become the land's true masters. The terrain bends to your will — you reshape it, charge through it, and weaponize it like no force before you., fantasy card illustration in the style of Magic the Gathering art, full-bleed landscape composition, edge-to-edge artwork, cinematic horizontal framing, painterly ink and wash, muted earth-tones with one dominant accent color, atmospheric lighting, arcane and martial mood, no painted frame, no inner border, no decorative trim, no text, no letters, no numbers, no UI, no card frame","painted frame, decorative border, double border, ornate trim, ornamental frame, filigree border, tarot card border, card frame, vignette frame, inner border, text, letters, numbers, words, signature, watermark, caption, label, logo, title bar, portrait orientation, vertical composition, centered medallion, symmetrical heraldic layout, photo, photograph, photorealistic, 3d render, cgi, anime, manga, chibi, modern clothing, cars, technology, ui, hud, low quality, blurry, oversaturated"
"triples/savannah_lions_terrain_lord.png","Terrain Lord — splash rare scene depicting Savannah Lions at the moment of an emergent power, setting: tall grass, acacia silhouettes, lion totems, wide cinematic landscape composition, dramatic depth from foreground to horizon, iconography woven into the scene: sun-bleached camels and dune ridges; cresting waves and prow-ships; mauls, anvils, broken stone, heightened drama, painterly highlights, the rarest card in the deck, evokes: Your armies become the land's true masters. The terrain bends to your will — you reshape it, charge through it, and weaponize it like no force before you., fantasy card illustration in the style of Magic the Gathering art, full-bleed landscape composition, edge-to-edge artwork, cinematic horizontal framing, painterly ink and wash, muted earth-tones with one dominant accent color, atmospheric lighting, arcane and martial mood, no painted frame, no inner border, no decorative trim, no text, no letters, no numbers, no UI, no card frame","painted frame, decorative border, double border, ornate trim, ornamental frame, filigree border, tarot card border, card frame, vignette frame, inner border, text, letters, numbers, words, signature, watermark, caption, label, logo, title bar, portrait orientation, vertical composition, centered medallion, symmetrical heraldic layout, photo, photograph, photorealistic, 3d render, cgi, anime, manga, chibi, modern clothing, cars, technology, ui, hud, low quality, blurry, oversaturated"
"triples/river_people_terrain_lord.png","Terrain Lord — splash rare scene depicting River People at the moment of an emergent power, setting: reed boats, lotus, mud-brick, wide cinematic landscape composition, dramatic depth from foreground to horizon, iconography woven into the scene: sun-bleached camels and dune ridges; cresting waves and prow-ships; mauls, anvils, broken stone, heightened drama, painterly highlights, the rarest card in the deck, evokes: Your armies become the land's true masters. The terrain bends to your will — you reshape it, charge through it, and weaponize it like no force before you., fantasy card illustration in the style of Magic the Gathering art, full-bleed landscape composition, edge-to-edge artwork, cinematic horizontal framing, painterly ink and wash, muted earth-tones with one dominant accent color, atmospheric lighting, arcane and martial mood, no painted frame, no inner border, no decorative trim, no text, no letters, no numbers, no UI, no card frame","painted frame, decorative border, double border, ornate trim, ornamental frame, filigree border, tarot card border, card frame, vignette frame, inner border, text, letters, numbers, words, signature, watermark, caption, label, logo, title bar, portrait orientation, vertical composition, centered medallion, symmetrical heraldic layout, photo, photograph, photorealistic, 3d render, cgi, anime, manga, chibi, modern clothing, cars, technology, ui, hud, low quality, blurry, oversaturated"
"triples/frost_wardens_terrain_lord.png","Terrain Lord — splash rare scene depicting Arctic Wardens at the moment of an emergent power, setting: ice and pine, breath visible, blue dusk, wide cinematic landscape composition, dramatic depth from foreground to horizon, iconography woven into the scene: sun-bleached camels and dune ridges; cresting waves and prow-ships; mauls, anvils, broken stone, heightened drama, painterly highlights, the rarest card in the deck, evokes: Your armies become the land's true masters. The terrain bends to your will — you reshape it, charge through it, and weaponize it like no force before you., fantasy card illustration in the style of Magic the Gathering art, full-bleed landscape composition, edge-to-edge artwork, cinematic horizontal framing, painterly ink and wash, muted earth-tones with one dominant accent color, atmospheric lighting, arcane and martial mood, no painted frame, no inner border, no decorative trim, no text, no letters, no numbers, no UI, no card frame","painted frame, decorative border, double border, ornate trim, ornamental frame, filigree border, tarot card border, card frame, vignette frame, inner border, text, letters, numbers, words, signature, watermark, caption, label, logo, title bar, portrait orientation, vertical composition, centered medallion, symmetrical heraldic layout, photo, photograph, photorealistic, 3d render, cgi, anime, manga, chibi, modern clothing, cars, technology, ui, hud, low quality, blurry, oversaturated"
"triples/jungle_clan_paladin.png","Paladin — splash rare scene depicting Jungle Clans at the moment of an emergent power, setting: verdant rainforest, dripping vines, jaguar pelts, wide cinematic landscape composition, dramatic depth from foreground to horizon, iconography woven into the scene: leafing branches and resting deer; tower walls and shield bosses; cresting waves and prow-ships, heightened drama, painterly highlights, the rarest card in the deck, evokes: Your champions are touched by the divine — their wounds seal as they deal death, and at full strength they unleash radiant fury that annihilates anything it touches., fantasy card illustration in the style of Magic the Gathering art, full-bleed landscape composition, edge-to-edge artwork, cinematic horizontal framing, painterly ink and wash, muted earth-tones with one dominant accent color, atmospheric lighting, arcane and martial mood, no painted frame, no inner border, no decorative trim, no text, no letters, no numbers, no UI, no card frame","painted frame, decorative border, double border, ornate trim, ornamental frame, filigree border, tarot card border, card frame, vignette frame, inner border, text, letters, numbers, words, signature, watermark, caption, label, logo, title bar, portrait orientation, vertical composition, centered medallion, symmetrical heraldic layout, photo, photograph, photorealistic, 3d render, cgi, anime, manga, chibi, modern clothing, cars, technology, ui, hud, low quality, blurry, oversaturated"
"triples/druid_circle_paladin.png","Paladin — splash rare scene depicting Druid Circle at the moment of an emergent power, setting: oak grove, standing stones, antlered figures, wide cinematic landscape composition, dramatic depth from foreground to horizon, iconography woven into the scene: leafing branches and resting deer; tower walls and shield bosses; cresting waves and prow-ships, heightened drama, painterly highlights, the rarest card in the deck, evokes: Your champions are touched by the divine — their wounds seal as they deal death, and at full strength they unleash radiant fury that annihilates anything it touches., fantasy card illustration in the style of Magic the Gathering art, full-bleed landscape composition, edge-to-edge artwork, cinematic horizontal framing, painterly ink and wash, muted earth-tones with one dominant accent color, atmospheric lighting, arcane and martial mood, no painted frame, no inner border, no decorative trim, no text, no letters, no numbers, no UI, no card frame","painted frame, decorative border, double border, ornate trim, ornamental frame, filigree border, tarot card border, card frame, vignette frame, inner border, text, letters, numbers, words, signature, watermark, caption, label, logo, title bar, portrait orientation, vertical composition, centered medallion, symmetrical heraldic layout, photo, photograph, photorealistic, 3d render, cgi, anime, manga, chibi, modern clothing, cars, technology, ui, hud, low quality, blurry, oversaturated"
"triples/steppe_clan_paladin.png","Paladin — splash rare scene depicting Steppe Riders at the moment of an emergent power, setting: open grassland under wide sky, horsehair banners, wide cinematic landscape composition, dramatic depth from foreground to horizon, iconography woven into the scene: leafing branches and resting deer; tower walls and shield bosses; cresting waves and prow-ships, heightened drama, painterly highlights, the rarest card in the deck, evokes: Your champions are touched by the divine — their wounds seal as they deal death, and at full strength they unleash radiant fury that annihilates anything it touches., fantasy card illustration in the style of Magic the Gathering art, full-bleed landscape composition, edge-to-edge artwork, cinematic horizontal framing, painterly ink and wash, muted earth-tones with one dominant accent color, atmospheric lighting, arcane and martial mood, no painted frame, no inner border, no decorative trim, no text, no letters, no numbers, no UI, no card frame","painted frame, decorative border, double border, ornate trim, ornamental frame, filigree border, tarot card border, card frame, vignette frame, inner border, text, letters, numbers, words, signature, watermark, caption, label, logo, title bar, portrait orientation, vertical composition, centered medallion, symmetrical heraldic layout, photo, photograph, photorealistic, 3d render, cgi, anime, manga, chibi, modern clothing, cars, technology, ui, hud, low quality, blurry, oversaturated"
"triples/hill_clan_paladin.png","Paladin — splash rare scene depicting Hill Engineers at the moment of an emergent power, setting: craggy heights, basalt walls, terraced ridges, wide cinematic landscape composition, dramatic depth from foreground to horizon, iconography woven into the scene: leafing branches and resting deer; tower walls and shield bosses; cresting waves and prow-ships, heightened drama, painterly highlights, the rarest card in the deck, evokes: Your champions are touched by the divine — their wounds seal as they deal death, and at full strength they unleash radiant fury that annihilates anything it touches., fantasy card illustration in the style of Magic the Gathering art, full-bleed landscape composition, edge-to-edge artwork, cinematic horizontal framing, painterly ink and wash, muted earth-tones with one dominant accent color, atmospheric lighting, arcane and martial mood, no painted frame, no inner border, no decorative trim, no text, no letters, no numbers, no UI, no card frame","painted frame, decorative border, double border, ornate trim, ornamental frame, filigree border, tarot card border, card frame, vignette frame, inner border, text, letters, numbers, words, signature, watermark, caption, label, logo, title bar, portrait orientation, vertical composition, centered medallion, symmetrical heraldic layout, photo, photograph, photorealistic, 3d render, cgi, anime, manga, chibi, modern clothing, cars, technology, ui, hud, low quality, blurry, oversaturated"
"triples/coral_people_paladin.png","Paladin — splash rare scene depicting Pirate Lords at the moment of an emergent power, setting: reef-bone architecture, salt-bleached sails, brine, wide cinematic landscape composition, dramatic depth from foreground to horizon, iconography woven into the scene: leafing branches and resting deer; tower walls and shield bosses; cresting waves and prow-ships, heightened drama, painterly highlights, the rarest card in the deck, evokes: Your champions are touched by the divine — their wounds seal as they deal death, and at full strength they unleash radiant fury that annihilates anything it touches., fantasy card illustration in the style of Magic the Gathering art, full-bleed landscape composition, edge-to-edge artwork, cinematic horizontal framing, painterly ink and wash, muted earth-tones with one dominant accent color, atmospheric lighting, arcane and martial mood, no painted frame, no inner border, no decorative trim, no text, no letters, no numbers, no UI, no card frame","painted frame, decorative border, double border, ornate trim, ornamental frame, filigree border, tarot card border, card frame, vignette frame, inner border, text, letters, numbers, words, signature, watermark, caption, label, logo, title bar, portrait orientation, vertical composition, centered medallion, symmetrical heraldic layout, photo, photograph, photorealistic, 3d render, cgi, anime, manga, chibi, modern clothing, cars, technology, ui, hud, low quality, blurry, oversaturated"
"triples/desert_nomads_paladin.png","Paladin — splash rare scene depicting Desert Nomads at the moment of an emergent power, setting: red dunes and sun, woven indigo robes, wide cinematic landscape composition, dramatic depth from foreground to horizon, iconography woven into the scene: leafing branches and resting deer; tower walls and shield bosses; cresting waves and prow-ships, heightened drama, painterly highlights, the rarest card in the deck, evokes: Your champions are touched by the divine — their wounds seal as they deal death, and at full strength they unleash radiant fury that annihilates anything it touches., fantasy card illustration in the style of Magic the Gathering art, full-bleed landscape composition, edge-to-edge artwork, cinematic horizontal framing, painterly ink and wash, muted earth-tones with one dominant accent color, atmospheric lighting, arcane and martial mood, no painted frame, no inner border, no decorative trim, no text, no letters, no numbers, no UI, no card frame","painted frame, decorative border, double border, ornate trim, ornamental frame, filigree border, tarot card border, card frame, vignette frame, inner border, text, letters, numbers, words, signature, watermark, caption, label, logo, title bar, portrait orientation, vertical composition, centered medallion, symmetrical heraldic layout, photo, photograph, photorealistic, 3d render, cgi, anime, manga, chibi, modern clothing, cars, technology, ui, hud, low quality, blurry, oversaturated"
"triples/savannah_lions_paladin.png","Paladin — splash rare scene depicting Savannah Lions at the moment of an emergent power, setting: tall grass, acacia silhouettes, lion totems, wide cinematic landscape composition, dramatic depth from foreground to horizon, iconography woven into the scene: leafing branches and resting deer; tower walls and shield bosses; cresting waves and prow-ships, heightened drama, painterly highlights, the rarest card in the deck, evokes: Your champions are touched by the divine — their wounds seal as they deal death, and at full strength they unleash radiant fury that annihilates anything it touches., fantasy card illustration in the style of Magic the Gathering art, full-bleed landscape composition, edge-to-edge artwork, cinematic horizontal framing, painterly ink and wash, muted earth-tones with one dominant accent color, atmospheric lighting, arcane and martial mood, no painted frame, no inner border, no decorative trim, no text, no letters, no numbers, no UI, no card frame","painted frame, decorative border, double border, ornate trim, ornamental frame, filigree border, tarot card border, card frame, vignette frame, inner border, text, letters, numbers, words, signature, watermark, caption, label, logo, title bar, portrait orientation, vertical composition, centered medallion, symmetrical heraldic layout, photo, photograph, photorealistic, 3d render, cgi, anime, manga, chibi, modern clothing, cars, technology, ui, hud, low quality, blurry, oversaturated"
"triples/river_people_paladin.png","Paladin — splash rare scene depicting River People at the moment of an emergent power, setting: reed boats, lotus, mud-brick, wide cinematic landscape composition, dramatic depth from foreground to horizon, iconography woven into the scene: leafing branches and resting deer; tower walls and shield bosses; cresting waves and prow-ships, heightened drama, painterly highlights, the rarest card in the deck, evokes: Your champions are touched by the divine — their wounds seal as they deal death, and at full strength they unleash radiant fury that annihilates anything it touches., fantasy card illustration in the style of Magic the Gathering art, full-bleed landscape composition, edge-to-edge artwork, cinematic horizontal framing, painterly ink and wash, muted earth-tones with one dominant accent color, atmospheric lighting, arcane and martial mood, no painted frame, no inner border, no decorative trim, no text, no letters, no numbers, no UI, no card frame","painted frame, decorative border, double border, ornate trim, ornamental frame, filigree border, tarot card border, card frame, vignette frame, inner border, text, letters, numbers, words, signature, watermark, caption, label, logo, title bar, portrait orientation, vertical composition, centered medallion, symmetrical heraldic layout, photo, photograph, photorealistic, 3d render, cgi, anime, manga, chibi, modern clothing, cars, technology, ui, hud, low quality, blurry, oversaturated"
"triples/frost_wardens_paladin.png","Paladin — splash rare scene depicting Arctic Wardens at the moment of an emergent power, setting: ice and pine, breath visible, blue dusk, wide cinematic landscape composition, dramatic depth from foreground to horizon, iconography woven into the scene: leafing branches and resting deer; tower walls and shield bosses; cresting waves and prow-ships, heightened drama, painterly highlights, the rarest card in the deck, evokes: Your champions are touched by the divine — their wounds seal as they deal death, and at full strength they unleash radiant fury that annihilates anything it touches., fantasy card illustration in the style of Magic the Gathering art, full-bleed landscape composition, edge-to-edge artwork, cinematic horizontal framing, painterly ink and wash, muted earth-tones with one dominant accent color, atmospheric lighting, arcane and martial mood, no painted frame, no inner border, no decorative trim, no text, no letters, no numbers, no UI, no card frame","painted frame, decorative border, double border, ornate trim, ornamental frame, filigree border, tarot card border, card frame, vignette frame, inner border, text, letters, numbers, words, signature, watermark, caption, label, logo, title bar, portrait orientation, vertical composition, centered medallion, symmetrical heraldic layout, photo, photograph, photorealistic, 3d render, cgi, anime, manga, chibi, modern clothing, cars, technology, ui, hud, low quality, blurry, oversaturated"
"triples/jungle_clan_terrain_assassin.png","Terrain Assassin — splash rare scene depicting Jungle Clans at the moment of an emergent power, setting: verdant rainforest, dripping vines, jaguar pelts, wide cinematic landscape composition, dramatic depth from foreground to horizon, iconography woven into the scene: reeds, mist on still water, half-submerged eyes; serpents and dripping toxin; tusked beasts and trampling cavalry, heightened drama, painterly highlights, the rarest card in the deck, evokes: Your assassins become one with the terrain — invisible forever in their chosen environment. They kill without revealing themselves, over and over, until nothing remains., fantasy card illustration in the style of Magic the Gathering art, full-bleed landscape composition, edge-to-edge artwork, cinematic horizontal framing, painterly ink and wash, muted earth-tones with one dominant accent color, atmospheric lighting, arcane and martial mood, no painted frame, no inner border, no decorative trim, no text, no letters, no numbers, no UI, no card frame","painted frame, decorative border, double border, ornate trim, ornamental frame, filigree border, tarot card border, card frame, vignette frame, inner border, text, letters, numbers, words, signature, watermark, caption, label, logo, title bar, portrait orientation, vertical composition, centered medallion, symmetrical heraldic layout, photo, photograph, photorealistic, 3d render, cgi, anime, manga, chibi, modern clothing, cars, technology, ui, hud, low quality, blurry, oversaturated"
"triples/druid_circle_terrain_assassin.png","Terrain Assassin — splash rare scene depicting Druid Circle at the moment of an emergent power, setting: oak grove, standing stones, antlered figures, wide cinematic landscape composition, dramatic depth from foreground to horizon, iconography woven into the scene: reeds, mist on still water, half-submerged eyes; serpents and dripping toxin; tusked beasts and trampling cavalry, heightened drama, painterly highlights, the rarest card in the deck, evokes: Your assassins become one with the terrain — invisible forever in their chosen environment. They kill without revealing themselves, over and over, until nothing remains., fantasy card illustration in the style of Magic the Gathering art, full-bleed landscape composition, edge-to-edge artwork, cinematic horizontal framing, painterly ink and wash, muted earth-tones with one dominant accent color, atmospheric lighting, arcane and martial mood, no painted frame, no inner border, no decorative trim, no text, no letters, no numbers, no UI, no card frame","painted frame, decorative border, double border, ornate trim, ornamental frame, filigree border, tarot card border, card frame, vignette frame, inner border, text, letters, numbers, words, signature, watermark, caption, label, logo, title bar, portrait orientation, vertical composition, centered medallion, symmetrical heraldic layout, photo, photograph, photorealistic, 3d render, cgi, anime, manga, chibi, modern clothing, cars, technology, ui, hud, low quality, blurry, oversaturated"
"triples/steppe_clan_terrain_assassin.png","Terrain Assassin — splash rare scene depicting Steppe Riders at the moment of an emergent power, setting: open grassland under wide sky, horsehair banners, wide cinematic landscape composition, dramatic depth from foreground to horizon, iconography woven into the scene: reeds, mist on still water, half-submerged eyes; serpents and dripping toxin; tusked beasts and trampling cavalry, heightened drama, painterly highlights, the rarest card in the deck, evokes: Your assassins become one with the terrain — invisible forever in their chosen environment. They kill without revealing themselves, over and over, until nothing remains., fantasy card illustration in the style of Magic the Gathering art, full-bleed landscape composition, edge-to-edge artwork, cinematic horizontal framing, painterly ink and wash, muted earth-tones with one dominant accent color, atmospheric lighting, arcane and martial mood, no painted frame, no inner border, no decorative trim, no text, no letters, no numbers, no UI, no card frame","painted frame, decorative border, double border, ornate trim, ornamental frame, filigree border, tarot card border, card frame, vignette frame, inner border, text, letters, numbers, words, signature, watermark, caption, label, logo, title bar, portrait orientation, vertical composition, centered medallion, symmetrical heraldic layout, photo, photograph, photorealistic, 3d render, cgi, anime, manga, chibi, modern clothing, cars, technology, ui, hud, low quality, blurry, oversaturated"
"triples/hill_clan_terrain_assassin.png","Terrain Assassin — splash rare scene depicting Hill Engineers at the moment of an emergent power, setting: craggy heights, basalt walls, terraced ridges, wide cinematic landscape composition, dramatic depth from foreground to horizon, iconography woven into the scene: reeds, mist on still water, half-submerged eyes; serpents and dripping toxin; tusked beasts and trampling cavalry, heightened drama, painterly highlights, the rarest card in the deck, evokes: Your assassins become one with the terrain — invisible forever in their chosen environment. They kill without revealing themselves, over and over, until nothing remains., fantasy card illustration in the style of Magic the Gathering art, full-bleed landscape composition, edge-to-edge artwork, cinematic horizontal framing, painterly ink and wash, muted earth-tones with one dominant accent color, atmospheric lighting, arcane and martial mood, no painted frame, no inner border, no decorative trim, no text, no letters, no numbers, no UI, no card frame","painted frame, decorative border, double border, ornate trim, ornamental frame, filigree border, tarot card border, card frame, vignette frame, inner border, text, letters, numbers, words, signature, watermark, caption, label, logo, title bar, portrait orientation, vertical composition, centered medallion, symmetrical heraldic layout, photo, photograph, photorealistic, 3d render, cgi, anime, manga, chibi, modern clothing, cars, technology, ui, hud, low quality, blurry, oversaturated"
"triples/coral_people_terrain_assassin.png","Terrain Assassin — splash rare scene depicting Pirate Lords at the moment of an emergent power, setting: reef-bone architecture, salt-bleached sails, brine, wide cinematic landscape composition, dramatic depth from foreground to horizon, iconography woven into the scene: reeds, mist on still water, half-submerged eyes; serpents and dripping toxin; tusked beasts and trampling cavalry, heightened drama, painterly highlights, the rarest card in the deck, evokes: Your assassins become one with the terrain — invisible forever in their chosen environment. They kill without revealing themselves, over and over, until nothing remains., fantasy card illustration in the style of Magic the Gathering art, full-bleed landscape composition, edge-to-edge artwork, cinematic horizontal framing, painterly ink and wash, muted earth-tones with one dominant accent color, atmospheric lighting, arcane and martial mood, no painted frame, no inner border, no decorative trim, no text, no letters, no numbers, no UI, no card frame","painted frame, decorative border, double border, ornate trim, ornamental frame, filigree border, tarot card border, card frame, vignette frame, inner border, text, letters, numbers, words, signature, watermark, caption, label, logo, title bar, portrait orientation, vertical composition, centered medallion, symmetrical heraldic layout, photo, photograph, photorealistic, 3d render, cgi, anime, manga, chibi, modern clothing, cars, technology, ui, hud, low quality, blurry, oversaturated"
"triples/desert_nomads_terrain_assassin.png","Terrain Assassin — splash rare scene depicting Desert Nomads at the moment of an emergent power, setting: red dunes and sun, woven indigo robes, wide cinematic landscape composition, dramatic depth from foreground to horizon, iconography woven into the scene: reeds, mist on still water, half-submerged eyes; serpents and dripping toxin; tusked beasts and trampling cavalry, heightened drama, painterly highlights, the rarest card in the deck, evokes: Your assassins become one with the terrain — invisible forever in their chosen environment. They kill without revealing themselves, over and over, until nothing remains., fantasy card illustration in the style of Magic the Gathering art, full-bleed landscape composition, edge-to-edge artwork, cinematic horizontal framing, painterly ink and wash, muted earth-tones with one dominant accent color, atmospheric lighting, arcane and martial mood, no painted frame, no inner border, no decorative trim, no text, no letters, no numbers, no UI, no card frame","painted frame, decorative border, double border, ornate trim, ornamental frame, filigree border, tarot card border, card frame, vignette frame, inner border, text, letters, numbers, words, signature, watermark, caption, label, logo, title bar, portrait orientation, vertical composition, centered medallion, symmetrical heraldic layout, photo, photograph, photorealistic, 3d render, cgi, anime, manga, chibi, modern clothing, cars, technology, ui, hud, low quality, blurry, oversaturated"
"triples/savannah_lions_terrain_assassin.png","Terrain Assassin — splash rare scene depicting Savannah Lions at the moment of an emergent power, setting: tall grass, acacia silhouettes, lion totems, wide cinematic landscape composition, dramatic depth from foreground to horizon, iconography woven into the scene: reeds, mist on still water, half-submerged eyes; serpents and dripping toxin; tusked beasts and trampling cavalry, heightened drama, painterly highlights, the rarest card in the deck, evokes: Your assassins become one with the terrain — invisible forever in their chosen environment. They kill without revealing themselves, over and over, until nothing remains., fantasy card illustration in the style of Magic the Gathering art, full-bleed landscape composition, edge-to-edge artwork, cinematic horizontal framing, painterly ink and wash, muted earth-tones with one dominant accent color, atmospheric lighting, arcane and martial mood, no painted frame, no inner border, no decorative trim, no text, no letters, no numbers, no UI, no card frame","painted frame, decorative border, double border, ornate trim, ornamental frame, filigree border, tarot card border, card frame, vignette frame, inner border, text, letters, numbers, words, signature, watermark, caption, label, logo, title bar, portrait orientation, vertical composition, centered medallion, symmetrical heraldic layout, photo, photograph, photorealistic, 3d render, cgi, anime, manga, chibi, modern clothing, cars, technology, ui, hud, low quality, blurry, oversaturated"
"triples/river_people_terrain_assassin.png","Terrain Assassin — splash rare scene depicting River People at the moment of an emergent power, setting: reed boats, lotus, mud-brick, wide cinematic landscape composition, dramatic depth from foreground to horizon, iconography woven into the scene: reeds, mist on still water, half-submerged eyes; serpents and dripping toxin; tusked beasts and trampling cavalry, heightened drama, painterly highlights, the rarest card in the deck, evokes: Your assassins become one with the terrain — invisible forever in their chosen environment. They kill without revealing themselves, over and over, until nothing remains., fantasy card illustration in the style of Magic the Gathering art, full-bleed landscape composition, edge-to-edge artwork, cinematic horizontal framing, painterly ink and wash, muted earth-tones with one dominant accent color, atmospheric lighting, arcane and martial mood, no painted frame, no inner border, no decorative trim, no text, no letters, no numbers, no UI, no card frame","painted frame, decorative border, double border, ornate trim, ornamental frame, filigree border, tarot card border, card frame, vignette frame, inner border, text, letters, numbers, words, signature, watermark, caption, label, logo, title bar, portrait orientation, vertical composition, centered medallion, symmetrical heraldic layout, photo, photograph, photorealistic, 3d render, cgi, anime, manga, chibi, modern clothing, cars, technology, ui, hud, low quality, blurry, oversaturated"
"triples/frost_wardens_terrain_assassin.png","Terrain Assassin — splash rare scene depicting Arctic Wardens at the moment of an emergent power, setting: ice and pine, breath visible, blue dusk, wide cinematic landscape composition, dramatic depth from foreground to horizon, iconography woven into the scene: reeds, mist on still water, half-submerged eyes; serpents and dripping toxin; tusked beasts and trampling cavalry, heightened drama, painterly highlights, the rarest card in the deck, evokes: Your assassins become one with the terrain — invisible forever in their chosen environment. They kill without revealing themselves, over and over, until nothing remains., fantasy card illustration in the style of Magic the Gathering art, full-bleed landscape composition, edge-to-edge artwork, cinematic horizontal framing, painterly ink and wash, muted earth-tones with one dominant accent color, atmospheric lighting, arcane and martial mood, no painted frame, no inner border, no decorative trim, no text, no letters, no numbers, no UI, no card frame","painted frame, decorative border, double border, ornate trim, ornamental frame, filigree border, tarot card border, card frame, vignette frame, inner border, text, letters, numbers, words, signature, watermark, caption, label, logo, title bar, portrait orientation, vertical composition, centered medallion, symmetrical heraldic layout, photo, photograph, photorealistic, 3d render, cgi, anime, manga, chibi, modern clothing, cars, technology, ui, hud, low quality, blurry, oversaturated"
"triples/jungle_clan_standing_stone.png","Standing Stone — splash rare scene depicting Jungle Clans at the moment of an emergent power, setting: verdant rainforest, dripping vines, jaguar pelts, wide cinematic landscape composition, dramatic depth from foreground to horizon, iconography woven into the scene: tower walls and shield bosses; leafing branches and resting deer; cresting waves and prow-ships, heightened drama, painterly highlights, the rarest card in the deck, evokes: Your standing stones anchor the battlefield. In stillness, you are immovable — healing, shielding, and punishing all who approach. In motion, your protective aura marches with you., fantasy card illustration in the style of Magic the Gathering art, full-bleed landscape composition, edge-to-edge artwork, cinematic horizontal framing, painterly ink and wash, muted earth-tones with one dominant accent color, atmospheric lighting, arcane and martial mood, no painted frame, no inner border, no decorative trim, no text, no letters, no numbers, no UI, no card frame","painted frame, decorative border, double border, ornate trim, ornamental frame, filigree border, tarot card border, card frame, vignette frame, inner border, text, letters, numbers, words, signature, watermark, caption, label, logo, title bar, portrait orientation, vertical composition, centered medallion, symmetrical heraldic layout, photo, photograph, photorealistic, 3d render, cgi, anime, manga, chibi, modern clothing, cars, technology, ui, hud, low quality, blurry, oversaturated"
"triples/druid_circle_standing_stone.png","Standing Stone — splash rare scene depicting Druid Circle at the moment of an emergent power, setting: oak grove, standing stones, antlered figures, wide cinematic landscape composition, dramatic depth from foreground to horizon, iconography woven into the scene: tower walls and shield bosses; leafing branches and resting deer; cresting waves and prow-ships, heightened drama, painterly highlights, the rarest card in the deck, evokes: Your standing stones anchor the battlefield. In stillness, you are immovable — healing, shielding, and punishing all who approach. In motion, your protective aura marches with you., fantasy card illustration in the style of Magic the Gathering art, full-bleed landscape composition, edge-to-edge artwork, cinematic horizontal framing, painterly ink and wash, muted earth-tones with one dominant accent color, atmospheric lighting, arcane and martial mood, no painted frame, no inner border, no decorative trim, no text, no letters, no numbers, no UI, no card frame","painted frame, decorative border, double border, ornate trim, ornamental frame, filigree border, tarot card border, card frame, vignette frame, inner border, text, letters, numbers, words, signature, watermark, caption, label, logo, title bar, portrait orientation, vertical composition, centered medallion, symmetrical heraldic layout, photo, photograph, photorealistic, 3d render, cgi, anime, manga, chibi, modern clothing, cars, technology, ui, hud, low quality, blurry, oversaturated"
"triples/steppe_clan_standing_stone.png","Standing Stone — splash rare scene depicting Steppe Riders at the moment of an emergent power, setting: open grassland under wide sky, horsehair banners, wide cinematic landscape composition, dramatic depth from foreground to horizon, iconography woven into the scene: tower walls and shield bosses; leafing branches and resting deer; cresting waves and prow-ships, heightened drama, painterly highlights, the rarest card in the deck, evokes: Your standing stones anchor the battlefield. In stillness, you are immovable — healing, shielding, and punishing all who approach. In motion, your protective aura marches with you., fantasy card illustration in the style of Magic the Gathering art, full-bleed landscape composition, edge-to-edge artwork, cinematic horizontal framing, painterly ink and wash, muted earth-tones with one dominant accent color, atmospheric lighting, arcane and martial mood, no painted frame, no inner border, no decorative trim, no text, no letters, no numbers, no UI, no card frame","painted frame, decorative border, double border, ornate trim, ornamental frame, filigree border, tarot card border, card frame, vignette frame, inner border, text, letters, numbers, words, signature, watermark, caption, label, logo, title bar, portrait orientation, vertical composition, centered medallion, symmetrical heraldic layout, photo, photograph, photorealistic, 3d render, cgi, anime, manga, chibi, modern clothing, cars, technology, ui, hud, low quality, blurry, oversaturated"
"triples/hill_clan_standing_stone.png","Standing Stone — splash rare scene depicting Hill Engineers at the moment of an emergent power, setting: craggy heights, basalt walls, terraced ridges, wide cinematic landscape composition, dramatic depth from foreground to horizon, iconography woven into the scene: tower walls and shield bosses; leafing branches and resting deer; cresting waves and prow-ships, heightened drama, painterly highlights, the rarest card in the deck, evokes: Your standing stones anchor the battlefield. In stillness, you are immovable — healing, shielding, and punishing all who approach. In motion, your protective aura marches with you., fantasy card illustration in the style of Magic the Gathering art, full-bleed landscape composition, edge-to-edge artwork, cinematic horizontal framing, painterly ink and wash, muted earth-tones with one dominant accent color, atmospheric lighting, arcane and martial mood, no painted frame, no inner border, no decorative trim, no text, no letters, no numbers, no UI, no card frame","painted frame, decorative border, double border, ornate trim, ornamental frame, filigree border, tarot card border, card frame, vignette frame, inner border, text, letters, numbers, words, signature, watermark, caption, label, logo, title bar, portrait orientation, vertical composition, centered medallion, symmetrical heraldic layout, photo, photograph, photorealistic, 3d render, cgi, anime, manga, chibi, modern clothing, cars, technology, ui, hud, low quality, blurry, oversaturated"
"triples/coral_people_standing_stone.png","Standing Stone — splash rare scene depicting Pirate Lords at the moment of an emergent power, setting: reef-bone architecture, salt-bleached sails, brine, wide cinematic landscape composition, dramatic depth from foreground to horizon, iconography woven into the scene: tower walls and shield bosses; leafing branches and resting deer; cresting waves and prow-ships, heightened drama, painterly highlights, the rarest card in the deck, evokes: Your standing stones anchor the battlefield. In stillness, you are immovable — healing, shielding, and punishing all who approach. In motion, your protective aura marches with you., fantasy card illustration in the style of Magic the Gathering art, full-bleed landscape composition, edge-to-edge artwork, cinematic horizontal framing, painterly ink and wash, muted earth-tones with one dominant accent color, atmospheric lighting, arcane and martial mood, no painted frame, no inner border, no decorative trim, no text, no letters, no numbers, no UI, no card frame","painted frame, decorative border, double border, ornate trim, ornamental frame, filigree border, tarot card border, card frame, vignette frame, inner border, text, letters, numbers, words, signature, watermark, caption, label, logo, title bar, portrait orientation, vertical composition, centered medallion, symmetrical heraldic layout, photo, photograph, photorealistic, 3d render, cgi, anime, manga, chibi, modern clothing, cars, technology, ui, hud, low quality, blurry, oversaturated"
"triples/desert_nomads_standing_stone.png","Standing Stone — splash rare scene depicting Desert Nomads at the moment of an emergent power, setting: red dunes and sun, woven indigo robes, wide cinematic landscape composition, dramatic depth from foreground to horizon, iconography woven into the scene: tower walls and shield bosses; leafing branches and resting deer; cresting waves and prow-ships, heightened drama, painterly highlights, the rarest card in the deck, evokes: Your standing stones anchor the battlefield. In stillness, you are immovable — healing, shielding, and punishing all who approach. In motion, your protective aura marches with you., fantasy card illustration in the style of Magic the Gathering art, full-bleed landscape composition, edge-to-edge artwork, cinematic horizontal framing, painterly ink and wash, muted earth-tones with one dominant accent color, atmospheric lighting, arcane and martial mood, no painted frame, no inner border, no decorative trim, no text, no letters, no numbers, no UI, no card frame","painted frame, decorative border, double border, ornate trim, ornamental frame, filigree border, tarot card border, card frame, vignette frame, inner border, text, letters, numbers, words, signature, watermark, caption, label, logo, title bar, portrait orientation, vertical composition, centered medallion, symmetrical heraldic layout, photo, photograph, photorealistic, 3d render, cgi, anime, manga, chibi, modern clothing, cars, technology, ui, hud, low quality, blurry, oversaturated"
"triples/savannah_lions_standing_stone.png","Standing Stone — splash rare scene depicting Savannah Lions at the moment of an emergent power, setting: tall grass, acacia silhouettes, lion totems, wide cinematic landscape composition, dramatic depth from foreground to horizon, iconography woven into the scene: tower walls and shield bosses; leafing branches and resting deer; cresting waves and prow-ships, heightened drama, painterly highlights, the rarest card in the deck, evokes: Your standing stones anchor the battlefield. In stillness, you are immovable — healing, shielding, and punishing all who approach. In motion, your protective aura marches with you., fantasy card illustration in the style of Magic the Gathering art, full-bleed landscape composition, edge-to-edge artwork, cinematic horizontal framing, painterly ink and wash, muted earth-tones with one dominant accent color, atmospheric lighting, arcane and martial mood, no painted frame, no inner border, no decorative trim, no text, no letters, no numbers, no UI, no card frame","painted frame, decorative border, double border, ornate trim, ornamental frame, filigree border, tarot card border, card frame, vignette frame, inner border, text, letters, numbers, words, signature, watermark, caption, label, logo, title bar, portrait orientation, vertical composition, centered medallion, symmetrical heraldic layout, photo, photograph, photorealistic, 3d render, cgi, anime, manga, chibi, modern clothing, cars, technology, ui, hud, low quality, blurry, oversaturated"
"triples/river_people_standing_stone.png","Standing Stone — splash rare scene depicting River People at the moment of an emergent power, setting: reed boats, lotus, mud-brick, wide cinematic landscape composition, dramatic depth from foreground to horizon, iconography woven into the scene: tower walls and shield bosses; leafing branches and resting deer; cresting waves and prow-ships, heightened drama, painterly highlights, the rarest card in the deck, evokes: Your standing stones anchor the battlefield. In stillness, you are immovable — healing, shielding, and punishing all who approach. In motion, your protective aura marches with you., fantasy card illustration in the style of Magic the Gathering art, full-bleed landscape composition, edge-to-edge artwork, cinematic horizontal framing, painterly ink and wash, muted earth-tones with one dominant accent color, atmospheric lighting, arcane and martial mood, no painted frame, no inner border, no decorative trim, no text, no letters, no numbers, no UI, no card frame","painted frame, decorative border, double border, ornate trim, ornamental frame, filigree border, tarot card border, card frame, vignette frame, inner border, text, letters, numbers, words, signature, watermark, caption, label, logo, title bar, portrait orientation, vertical composition, centered medallion, symmetrical heraldic layout, photo, photograph, photorealistic, 3d render, cgi, anime, manga, chibi, modern clothing, cars, technology, ui, hud, low quality, blurry, oversaturated"
"triples/frost_wardens_standing_stone.png","Standing Stone — splash rare scene depicting Arctic Wardens at the moment of an emergent power, setting: ice and pine, breath visible, blue dusk, wide cinematic landscape composition, dramatic depth from foreground to horizon, iconography woven into the scene: tower walls and shield bosses; leafing branches and resting deer; cresting waves and prow-ships, heightened drama, painterly highlights, the rarest card in the deck, evokes: Your standing stones anchor the battlefield. In stillness, you are immovable — healing, shielding, and punishing all who approach. In motion, your protective aura marches with you., fantasy card illustration in the style of Magic the Gathering art, full-bleed landscape composition, edge-to-edge artwork, cinematic horizontal framing, painterly ink and wash, muted earth-tones with one dominant accent color, atmospheric lighting, arcane and martial mood, no painted frame, no inner border, no decorative trim, no text, no letters, no numbers, no UI, no card frame","painted frame, decorative border, double border, ornate trim, ornamental frame, filigree border, tarot card border, card frame, vignette frame, inner border, text, letters, numbers, words, signature, watermark, caption, label, logo, title bar, portrait orientation, vertical composition, centered medallion, symmetrical heraldic layout, photo, photograph, photorealistic, 3d render, cgi, anime, manga, chibi, modern clothing, cars, technology, ui, hud, low quality, blurry, oversaturated"
"triples/jungle_clan_ghost_army.png","Ghost Army — splash rare scene depicting Jungle Clans at the moment of an emergent power, setting: verdant rainforest, dripping vines, jaguar pelts, wide cinematic landscape composition, dramatic depth from foreground to horizon, iconography woven into the scene: , heightened drama, painterly highlights, the rarest card in the deck, evokes: Your phantom soldiers phase through the battlefield like smoke — teleporting, killing, and vanishing to re-emerge beside any ally. Their presence alone quickens your entire force., fantasy card illustration in the style of Magic the Gathering art, full-bleed landscape composition, edge-to-edge artwork, cinematic horizontal framing, painterly ink and wash, muted earth-tones with one dominant accent color, atmospheric lighting, arcane and martial mood, no painted frame, no inner border, no decorative trim, no text, no letters, no numbers, no UI, no card frame","painted frame, decorative border, double border, ornate trim, ornamental frame, filigree border, tarot card border, card frame, vignette frame, inner border, text, letters, numbers, words, signature, watermark, caption, label, logo, title bar, portrait orientation, vertical composition, centered medallion, symmetrical heraldic layout, photo, photograph, photorealistic, 3d render, cgi, anime, manga, chibi, modern clothing, cars, technology, ui, hud, low quality, blurry, oversaturated"
"triples/druid_circle_ghost_army.png","Ghost Army — splash rare scene depicting Druid Circle at the moment of an emergent power, setting: oak grove, standing stones, antlered figures, wide cinematic landscape composition, dramatic depth from foreground to horizon, iconography woven into the scene: , heightened drama, painterly highlights, the rarest card in the deck, evokes: Your phantom soldiers phase through the battlefield like smoke — teleporting, killing, and vanishing to re-emerge beside any ally. Their presence alone quickens your entire force., fantasy card illustration in the style of Magic the Gathering art, full-bleed landscape composition, edge-to-edge artwork, cinematic horizontal framing, painterly ink and wash, muted earth-tones with one dominant accent color, atmospheric lighting, arcane and martial mood, no painted frame, no inner border, no decorative trim, no text, no letters, no numbers, no UI, no card frame","painted frame, decorative border, double border, ornate trim, ornamental frame, filigree border, tarot card border, card frame, vignette frame, inner border, text, letters, numbers, words, signature, watermark, caption, label, logo, title bar, portrait orientation, vertical composition, centered medallion, symmetrical heraldic layout, photo, photograph, photorealistic, 3d render, cgi, anime, manga, chibi, modern clothing, cars, technology, ui, hud, low quality, blurry, oversaturated"
"triples/steppe_clan_ghost_army.png","Ghost Army — splash rare scene depicting Steppe Riders at the moment of an emergent power, setting: open grassland under wide sky, horsehair banners, wide cinematic landscape composition, dramatic depth from foreground to horizon, iconography woven into the scene: , heightened drama, painterly highlights, the rarest card in the deck, evokes: Your phantom soldiers phase through the battlefield like smoke — teleporting, killing, and vanishing to re-emerge beside any ally. Their presence alone quickens your entire force., fantasy card illustration in the style of Magic the Gathering art, full-bleed landscape composition, edge-to-edge artwork, cinematic horizontal framing, painterly ink and wash, muted earth-tones with one dominant accent color, atmospheric lighting, arcane and martial mood, no painted frame, no inner border, no decorative trim, no text, no letters, no numbers, no UI, no card frame","painted frame, decorative border, double border, ornate trim, ornamental frame, filigree border, tarot card border, card frame, vignette frame, inner border, text, letters, numbers, words, signature, watermark, caption, label, logo, title bar, portrait orientation, vertical composition, centered medallion, symmetrical heraldic layout, photo, photograph, photorealistic, 3d render, cgi, anime, manga, chibi, modern clothing, cars, technology, ui, hud, low quality, blurry, oversaturated"
"triples/hill_clan_ghost_army.png","Ghost Army — splash rare scene depicting Hill Engineers at the moment of an emergent power, setting: craggy heights, basalt walls, terraced ridges, wide cinematic landscape composition, dramatic depth from foreground to horizon, iconography woven into the scene: , heightened drama, painterly highlights, the rarest card in the deck, evokes: Your phantom soldiers phase through the battlefield like smoke — teleporting, killing, and vanishing to re-emerge beside any ally. Their presence alone quickens your entire force., fantasy card illustration in the style of Magic the Gathering art, full-bleed landscape composition, edge-to-edge artwork, cinematic horizontal framing, painterly ink and wash, muted earth-tones with one dominant accent color, atmospheric lighting, arcane and martial mood, no painted frame, no inner border, no decorative trim, no text, no letters, no numbers, no UI, no card frame","painted frame, decorative border, double border, ornate trim, ornamental frame, filigree border, tarot card border, card frame, vignette frame, inner border, text, letters, numbers, words, signature, watermark, caption, label, logo, title bar, portrait orientation, vertical composition, centered medallion, symmetrical heraldic layout, photo, photograph, photorealistic, 3d render, cgi, anime, manga, chibi, modern clothing, cars, technology, ui, hud, low quality, blurry, oversaturated"
"triples/coral_people_ghost_army.png","Ghost Army — splash rare scene depicting Pirate Lords at the moment of an emergent power, setting: reef-bone architecture, salt-bleached sails, brine, wide cinematic landscape composition, dramatic depth from foreground to horizon, iconography woven into the scene: , heightened drama, painterly highlights, the rarest card in the deck, evokes: Your phantom soldiers phase through the battlefield like smoke — teleporting, killing, and vanishing to re-emerge beside any ally. Their presence alone quickens your entire force., fantasy card illustration in the style of Magic the Gathering art, full-bleed landscape composition, edge-to-edge artwork, cinematic horizontal framing, painterly ink and wash, muted earth-tones with one dominant accent color, atmospheric lighting, arcane and martial mood, no painted frame, no inner border, no decorative trim, no text, no letters, no numbers, no UI, no card frame","painted frame, decorative border, double border, ornate trim, ornamental frame, filigree border, tarot card border, card frame, vignette frame, inner border, text, letters, numbers, words, signature, watermark, caption, label, logo, title bar, portrait orientation, vertical composition, centered medallion, symmetrical heraldic layout, photo, photograph, photorealistic, 3d render, cgi, anime, manga, chibi, modern clothing, cars, technology, ui, hud, low quality, blurry, oversaturated"
"triples/desert_nomads_ghost_army.png","Ghost Army — splash rare scene depicting Desert Nomads at the moment of an emergent power, setting: red dunes and sun, woven indigo robes, wide cinematic landscape composition, dramatic depth from foreground to horizon, iconography woven into the scene: , heightened drama, painterly highlights, the rarest card in the deck, evokes: Your phantom soldiers phase through the battlefield like smoke — teleporting, killing, and vanishing to re-emerge beside any ally. Their presence alone quickens your entire force., fantasy card illustration in the style of Magic the Gathering art, full-bleed landscape composition, edge-to-edge artwork, cinematic horizontal framing, painterly ink and wash, muted earth-tones with one dominant accent color, atmospheric lighting, arcane and martial mood, no painted frame, no inner border, no decorative trim, no text, no letters, no numbers, no UI, no card frame","painted frame, decorative border, double border, ornate trim, ornamental frame, filigree border, tarot card border, card frame, vignette frame, inner border, text, letters, numbers, words, signature, watermark, caption, label, logo, title bar, portrait orientation, vertical composition, centered medallion, symmetrical heraldic layout, photo, photograph, photorealistic, 3d render, cgi, anime, manga, chibi, modern clothing, cars, technology, ui, hud, low quality, blurry, oversaturated"
"triples/savannah_lions_ghost_army.png","Ghost Army — splash rare scene depicting Savannah Lions at the moment of an emergent power, setting: tall grass, acacia silhouettes, lion totems, wide cinematic landscape composition, dramatic depth from foreground to horizon, iconography woven into the scene: , heightened drama, painterly highlights, the rarest card in the deck, evokes: Your phantom soldiers phase through the battlefield like smoke — teleporting, killing, and vanishing to re-emerge beside any ally. Their presence alone quickens your entire force., fantasy card illustration in the style of Magic the Gathering art, full-bleed landscape composition, edge-to-edge artwork, cinematic horizontal framing, painterly ink and wash, muted earth-tones with one dominant accent color, atmospheric lighting, arcane and martial mood, no painted frame, no inner border, no decorative trim, no text, no letters, no numbers, no UI, no card frame","painted frame, decorative border, double border, ornate trim, ornamental frame, filigree border, tarot card border, card frame, vignette frame, inner border, text, letters, numbers, words, signature, watermark, caption, label, logo, title bar, portrait orientation, vertical composition, centered medallion, symmetrical heraldic layout, photo, photograph, photorealistic, 3d render, cgi, anime, manga, chibi, modern clothing, cars, technology, ui, hud, low quality, blurry, oversaturated"
"triples/river_people_ghost_army.png","Ghost Army — splash rare scene depicting River People at the moment of an emergent power, setting: reed boats, lotus, mud-brick, wide cinematic landscape composition, dramatic depth from foreground to horizon, iconography woven into the scene: , heightened drama, painterly highlights, the rarest card in the deck, evokes: Your phantom soldiers phase through the battlefield like smoke — teleporting, killing, and vanishing to re-emerge beside any ally. Their presence alone quickens your entire force., fantasy card illustration in the style of Magic the Gathering art, full-bleed landscape composition, edge-to-edge artwork, cinematic horizontal framing, painterly ink and wash, muted earth-tones with one dominant accent color, atmospheric lighting, arcane and martial mood, no painted frame, no inner border, no decorative trim, no text, no letters, no numbers, no UI, no card frame","painted frame, decorative border, double border, ornate trim, ornamental frame, filigree border, tarot card border, card frame, vignette frame, inner border, text, letters, numbers, words, signature, watermark, caption, label, logo, title bar, portrait orientation, vertical composition, centered medallion, symmetrical heraldic layout, photo, photograph, photorealistic, 3d render, cgi, anime, manga, chibi, modern clothing, cars, technology, ui, hud, low quality, blurry, oversaturated"
"triples/frost_wardens_ghost_army.png","Ghost Army — splash rare scene depicting Arctic Wardens at the moment of an emergent power, setting: ice and pine, breath visible, blue dusk, wide cinematic landscape composition, dramatic depth from foreground to horizon, iconography woven into the scene: , heightened drama, painterly highlights, the rarest card in the deck, evokes: Your phantom soldiers phase through the battlefield like smoke — teleporting, killing, and vanishing to re-emerge beside any ally. Their presence alone quickens your entire force., fantasy card illustration in the style of Magic the Gathering art, full-bleed landscape composition, edge-to-edge artwork, cinematic horizontal framing, painterly ink and wash, muted earth-tones with one dominant accent color, atmospheric lighting, arcane and martial mood, no painted frame, no inner border, no decorative trim, no text, no letters, no numbers, no UI, no card frame","painted frame, decorative border, double border, ornate trim, ornamental frame, filigree border, tarot card border, card frame, vignette frame, inner border, text, letters, numbers, words, signature, watermark, caption, label, logo, title bar, portrait orientation, vertical composition, centered medallion, symmetrical heraldic layout, photo, photograph, photorealistic, 3d render, cgi, anime, manga, chibi, modern clothing, cars, technology, ui, hud, low quality, blurry, oversaturated"
"triples/jungle_clan_juggernaut.png","Juggernaut — splash rare scene depicting Jungle Clans at the moment of an emergent power, setting: verdant rainforest, dripping vines, jaguar pelts, wide cinematic landscape composition, dramatic depth from foreground to horizon, iconography woven into the scene: serpents and dripping toxin; tower walls and shield bosses; tusked beasts and trampling cavalry, heightened drama, painterly highlights, the rarest card in the deck, evokes: Your juggernauts collect the essence of every combat art they master. They cannot be stopped by a single blow, cannot be contained by formation, and carry the fury of three warriors in one body., fantasy card illustration in the style of Magic the Gathering art, full-bleed landscape composition, edge-to-edge artwork, cinematic horizontal framing, painterly ink and wash, muted earth-tones with one dominant accent color, atmospheric lighting, arcane and martial mood, no painted frame, no inner border, no decorative trim, no text, no letters, no numbers, no UI, no card frame","painted frame, decorative border, double border, ornate trim, ornamental frame, filigree border, tarot card border, card frame, vignette frame, inner border, text, letters, numbers, words, signature, watermark, caption, label, logo, title bar, portrait orientation, vertical composition, centered medallion, symmetrical heraldic layout, photo, photograph, photorealistic, 3d render, cgi, anime, manga, chibi, modern clothing, cars, technology, ui, hud, low quality, blurry, oversaturated"
"triples/druid_circle_juggernaut.png","Juggernaut — splash rare scene depicting Druid Circle at the moment of an emergent power, setting: oak grove, standing stones, antlered figures, wide cinematic landscape composition, dramatic depth from foreground to horizon, iconography woven into the scene: serpents and dripping toxin; tower walls and shield bosses; tusked beasts and trampling cavalry, heightened drama, painterly highlights, the rarest card in the deck, evokes: Your juggernauts collect the essence of every combat art they master. They cannot be stopped by a single blow, cannot be contained by formation, and carry the fury of three warriors in one body., fantasy card illustration in the style of Magic the Gathering art, full-bleed landscape composition, edge-to-edge artwork, cinematic horizontal framing, painterly ink and wash, muted earth-tones with one dominant accent color, atmospheric lighting, arcane and martial mood, no painted frame, no inner border, no decorative trim, no text, no letters, no numbers, no UI, no card frame","painted frame, decorative border, double border, ornate trim, ornamental frame, filigree border, tarot card border, card frame, vignette frame, inner border, text, letters, numbers, words, signature, watermark, caption, label, logo, title bar, portrait orientation, vertical composition, centered medallion, symmetrical heraldic layout, photo, photograph, photorealistic, 3d render, cgi, anime, manga, chibi, modern clothing, cars, technology, ui, hud, low quality, blurry, oversaturated"
"triples/steppe_clan_juggernaut.png","Juggernaut — splash rare scene depicting Steppe Riders at the moment of an emergent power, setting: open grassland under wide sky, horsehair banners, wide cinematic landscape composition, dramatic depth from foreground to horizon, iconography woven into the scene: serpents and dripping toxin; tower walls and shield bosses; tusked beasts and trampling cavalry, heightened drama, painterly highlights, the rarest card in the deck, evokes: Your juggernauts collect the essence of every combat art they master. They cannot be stopped by a single blow, cannot be contained by formation, and carry the fury of three warriors in one body., fantasy card illustration in the style of Magic the Gathering art, full-bleed landscape composition, edge-to-edge artwork, cinematic horizontal framing, painterly ink and wash, muted earth-tones with one dominant accent color, atmospheric lighting, arcane and martial mood, no painted frame, no inner border, no decorative trim, no text, no letters, no numbers, no UI, no card frame","painted frame, decorative border, double border, ornate trim, ornamental frame, filigree border, tarot card border, card frame, vignette frame, inner border, text, letters, numbers, words, signature, watermark, caption, label, logo, title bar, portrait orientation, vertical composition, centered medallion, symmetrical heraldic layout, photo, photograph, photorealistic, 3d render, cgi, anime, manga, chibi, modern clothing, cars, technology, ui, hud, low quality, blurry, oversaturated"
"triples/hill_clan_juggernaut.png","Juggernaut — splash rare scene depicting Hill Engineers at the moment of an emergent power, setting: craggy heights, basalt walls, terraced ridges, wide cinematic landscape composition, dramatic depth from foreground to horizon, iconography woven into the scene: serpents and dripping toxin; tower walls and shield bosses; tusked beasts and trampling cavalry, heightened drama, painterly highlights, the rarest card in the deck, evokes: Your juggernauts collect the essence of every combat art they master. They cannot be stopped by a single blow, cannot be contained by formation, and carry the fury of three warriors in one body., fantasy card illustration in the style of Magic the Gathering art, full-bleed landscape composition, edge-to-edge artwork, cinematic horizontal framing, painterly ink and wash, muted earth-tones with one dominant accent color, atmospheric lighting, arcane and martial mood, no painted frame, no inner border, no decorative trim, no text, no letters, no numbers, no UI, no card frame","painted frame, decorative border, double border, ornate trim, ornamental frame, filigree border, tarot card border, card frame, vignette frame, inner border, text, letters, numbers, words, signature, watermark, caption, label, logo, title bar, portrait orientation, vertical composition, centered medallion, symmetrical heraldic layout, photo, photograph, photorealistic, 3d render, cgi, anime, manga, chibi, modern clothing, cars, technology, ui, hud, low quality, blurry, oversaturated"
"triples/coral_people_juggernaut.png","Juggernaut — splash rare scene depicting Pirate Lords at the moment of an emergent power, setting: reef-bone architecture, salt-bleached sails, brine, wide cinematic landscape composition, dramatic depth from foreground to horizon, iconography woven into the scene: serpents and dripping toxin; tower walls and shield bosses; tusked beasts and trampling cavalry, heightened drama, painterly highlights, the rarest card in the deck, evokes: Your juggernauts collect the essence of every combat art they master. They cannot be stopped by a single blow, cannot be contained by formation, and carry the fury of three warriors in one body., fantasy card illustration in the style of Magic the Gathering art, full-bleed landscape composition, edge-to-edge artwork, cinematic horizontal framing, painterly ink and wash, muted earth-tones with one dominant accent color, atmospheric lighting, arcane and martial mood, no painted frame, no inner border, no decorative trim, no text, no letters, no numbers, no UI, no card frame","painted frame, decorative border, double border, ornate trim, ornamental frame, filigree border, tarot card border, card frame, vignette frame, inner border, text, letters, numbers, words, signature, watermark, caption, label, logo, title bar, portrait orientation, vertical composition, centered medallion, symmetrical heraldic layout, photo, photograph, photorealistic, 3d render, cgi, anime, manga, chibi, modern clothing, cars, technology, ui, hud, low quality, blurry, oversaturated"
"triples/desert_nomads_juggernaut.png","Juggernaut — splash rare scene depicting Desert Nomads at the moment of an emergent power, setting: red dunes and sun, woven indigo robes, wide cinematic landscape composition, dramatic depth from foreground to horizon, iconography woven into the scene: serpents and dripping toxin; tower walls and shield bosses; tusked beasts and trampling cavalry, heightened drama, painterly highlights, the rarest card in the deck, evokes: Your juggernauts collect the essence of every combat art they master. They cannot be stopped by a single blow, cannot be contained by formation, and carry the fury of three warriors in one body., fantasy card illustration in the style of Magic the Gathering art, full-bleed landscape composition, edge-to-edge artwork, cinematic horizontal framing, painterly ink and wash, muted earth-tones with one dominant accent color, atmospheric lighting, arcane and martial mood, no painted frame, no inner border, no decorative trim, no text, no letters, no numbers, no UI, no card frame","painted frame, decorative border, double border, ornate trim, ornamental frame, filigree border, tarot card border, card frame, vignette frame, inner border, text, letters, numbers, words, signature, watermark, caption, label, logo, title bar, portrait orientation, vertical composition, centered medallion, symmetrical heraldic layout, photo, photograph, photorealistic, 3d render, cgi, anime, manga, chibi, modern clothing, cars, technology, ui, hud, low quality, blurry, oversaturated"
"triples/savannah_lions_juggernaut.png","Juggernaut — splash rare scene depicting Savannah Lions at the moment of an emergent power, setting: tall grass, acacia silhouettes, lion totems, wide cinematic landscape composition, dramatic depth from foreground to horizon, iconography woven into the scene: serpents and dripping toxin; tower walls and shield bosses; tusked beasts and trampling cavalry, heightened drama, painterly highlights, the rarest card in the deck, evokes: Your juggernauts collect the essence of every combat art they master. They cannot be stopped by a single blow, cannot be contained by formation, and carry the fury of three warriors in one body., fantasy card illustration in the style of Magic the Gathering art, full-bleed landscape composition, edge-to-edge artwork, cinematic horizontal framing, painterly ink and wash, muted earth-tones with one dominant accent color, atmospheric lighting, arcane and martial mood, no painted frame, no inner border, no decorative trim, no text, no letters, no numbers, no UI, no card frame","painted frame, decorative border, double border, ornate trim, ornamental frame, filigree border, tarot card border, card frame, vignette frame, inner border, text, letters, numbers, words, signature, watermark, caption, label, logo, title bar, portrait orientation, vertical composition, centered medallion, symmetrical heraldic layout, photo, photograph, photorealistic, 3d render, cgi, anime, manga, chibi, modern clothing, cars, technology, ui, hud, low quality, blurry, oversaturated"
"triples/river_people_juggernaut.png","Juggernaut — splash rare scene depicting River People at the moment of an emergent power, setting: reed boats, lotus, mud-brick, wide cinematic landscape composition, dramatic depth from foreground to horizon, iconography woven into the scene: serpents and dripping toxin; tower walls and shield bosses; tusked beasts and trampling cavalry, heightened drama, painterly highlights, the rarest card in the deck, evokes: Your juggernauts collect the essence of every combat art they master. They cannot be stopped by a single blow, cannot be contained by formation, and carry the fury of three warriors in one body., fantasy card illustration in the style of Magic the Gathering art, full-bleed landscape composition, edge-to-edge artwork, cinematic horizontal framing, painterly ink and wash, muted earth-tones with one dominant accent color, atmospheric lighting, arcane and martial mood, no painted frame, no inner border, no decorative trim, no text, no letters, no numbers, no UI, no card frame","painted frame, decorative border, double border, ornate trim, ornamental frame, filigree border, tarot card border, card frame, vignette frame, inner border, text, letters, numbers, words, signature, watermark, caption, label, logo, title bar, portrait orientation, vertical composition, centered medallion, symmetrical heraldic layout, photo, photograph, photorealistic, 3d render, cgi, anime, manga, chibi, modern clothing, cars, technology, ui, hud, low quality, blurry, oversaturated"
"triples/frost_wardens_juggernaut.png","Juggernaut — splash rare scene depicting Arctic Wardens at the moment of an emergent power, setting: ice and pine, breath visible, blue dusk, wide cinematic landscape composition, dramatic depth from foreground to horizon, iconography woven into the scene: serpents and dripping toxin; tower walls and shield bosses; tusked beasts and trampling cavalry, heightened drama, painterly highlights, the rarest card in the deck, evokes: Your juggernauts collect the essence of every combat art they master. They cannot be stopped by a single blow, cannot be contained by formation, and carry the fury of three warriors in one body., fantasy card illustration in the style of Magic the Gathering art, full-bleed landscape composition, edge-to-edge artwork, cinematic horizontal framing, painterly ink and wash, muted earth-tones with one dominant accent color, atmospheric lighting, arcane and martial mood, no painted frame, no inner border, no decorative trim, no text, no letters, no numbers, no UI, no card frame","painted frame, decorative border, double border, ornate trim, ornamental frame, filigree border, tarot card border, card frame, vignette frame, inner border, text, letters, numbers, words, signature, watermark, caption, label, logo, title bar, portrait orientation, vertical composition, centered medallion, symmetrical heraldic layout, photo, photograph, photorealistic, 3d render, cgi, anime, manga, chibi, modern clothing, cars, technology, ui, hud, low quality, blurry, oversaturated"
"triples/jungle_clan_slave_empire.png","Slave Empire — splash rare scene depicting Jungle Clans at the moment of an emergent power, setting: verdant rainforest, dripping vines, jaguar pelts, wide cinematic landscape composition, dramatic depth from foreground to horizon, iconography woven into the scene: iron chains and tally markings; mauls, anvils, broken stone; tower walls and shield bosses, heightened drama, painterly highlights, the rarest card in the deck, evokes: Your empire runs on chains. Fortress zones drag in the wounded automatically, your slaves produce at double efficiency, and your heavy enforcers ensure no captives ever break free., fantasy card illustration in the style of Magic the Gathering art, full-bleed landscape composition, edge-to-edge artwork, cinematic horizontal framing, painterly ink and wash, muted earth-tones with one dominant accent color, atmospheric lighting, arcane and martial mood, no painted frame, no inner border, no decorative trim, no text, no letters, no numbers, no UI, no card frame","painted frame, decorative border, double border, ornate trim, ornamental frame, filigree border, tarot card border, card frame, vignette frame, inner border, text, letters, numbers, words, signature, watermark, caption, label, logo, title bar, portrait orientation, vertical composition, centered medallion, symmetrical heraldic layout, photo, photograph, photorealistic, 3d render, cgi, anime, manga, chibi, modern clothing, cars, technology, ui, hud, low quality, blurry, oversaturated"
"triples/druid_circle_slave_empire.png","Slave Empire — splash rare scene depicting Druid Circle at the moment of an emergent power, setting: oak grove, standing stones, antlered figures, wide cinematic landscape composition, dramatic depth from foreground to horizon, iconography woven into the scene: iron chains and tally markings; mauls, anvils, broken stone; tower walls and shield bosses, heightened drama, painterly highlights, the rarest card in the deck, evokes: Your empire runs on chains. Fortress zones drag in the wounded automatically, your slaves produce at double efficiency, and your heavy enforcers ensure no captives ever break free., fantasy card illustration in the style of Magic the Gathering art, full-bleed landscape composition, edge-to-edge artwork, cinematic horizontal framing, painterly ink and wash, muted earth-tones with one dominant accent color, atmospheric lighting, arcane and martial mood, no painted frame, no inner border, no decorative trim, no text, no letters, no numbers, no UI, no card frame","painted frame, decorative border, double border, ornate trim, ornamental frame, filigree border, tarot card border, card frame, vignette frame, inner border, text, letters, numbers, words, signature, watermark, caption, label, logo, title bar, portrait orientation, vertical composition, centered medallion, symmetrical heraldic layout, photo, photograph, photorealistic, 3d render, cgi, anime, manga, chibi, modern clothing, cars, technology, ui, hud, low quality, blurry, oversaturated"
"triples/steppe_clan_slave_empire.png","Slave Empire — splash rare scene depicting Steppe Riders at the moment of an emergent power, setting: open grassland under wide sky, horsehair banners, wide cinematic landscape composition, dramatic depth from foreground to horizon, iconography woven into the scene: iron chains and tally markings; mauls, anvils, broken stone; tower walls and shield bosses, heightened drama, painterly highlights, the rarest card in the deck, evokes: Your empire runs on chains. Fortress zones drag in the wounded automatically, your slaves produce at double efficiency, and your heavy enforcers ensure no captives ever break free., fantasy card illustration in the style of Magic the Gathering art, full-bleed landscape composition, edge-to-edge artwork, cinematic horizontal framing, painterly ink and wash, muted earth-tones with one dominant accent color, atmospheric lighting, arcane and martial mood, no painted frame, no inner border, no decorative trim, no text, no letters, no numbers, no UI, no card frame","painted frame, decorative border, double border, ornate trim, ornamental frame, filigree border, tarot card border, card frame, vignette frame, inner border, text, letters, numbers, words, signature, watermark, caption, label, logo, title bar, portrait orientation, vertical composition, centered medallion, symmetrical heraldic layout, photo, photograph, photorealistic, 3d render, cgi, anime, manga, chibi, modern clothing, cars, technology, ui, hud, low quality, blurry, oversaturated"
"triples/hill_clan_slave_empire.png","Slave Empire — splash rare scene depicting Hill Engineers at the moment of an emergent power, setting: craggy heights, basalt walls, terraced ridges, wide cinematic landscape composition, dramatic depth from foreground to horizon, iconography woven into the scene: iron chains and tally markings; mauls, anvils, broken stone; tower walls and shield bosses, heightened drama, painterly highlights, the rarest card in the deck, evokes: Your empire runs on chains. Fortress zones drag in the wounded automatically, your slaves produce at double efficiency, and your heavy enforcers ensure no captives ever break free., fantasy card illustration in the style of Magic the Gathering art, full-bleed landscape composition, edge-to-edge artwork, cinematic horizontal framing, painterly ink and wash, muted earth-tones with one dominant accent color, atmospheric lighting, arcane and martial mood, no painted frame, no inner border, no decorative trim, no text, no letters, no numbers, no UI, no card frame","painted frame, decorative border, double border, ornate trim, ornamental frame, filigree border, tarot card border, card frame, vignette frame, inner border, text, letters, numbers, words, signature, watermark, caption, label, logo, title bar, portrait orientation, vertical composition, centered medallion, symmetrical heraldic layout, photo, photograph, photorealistic, 3d render, cgi, anime, manga, chibi, modern clothing, cars, technology, ui, hud, low quality, blurry, oversaturated"
"triples/coral_people_slave_empire.png","Slave Empire — splash rare scene depicting Pirate Lords at the moment of an emergent power, setting: reef-bone architecture, salt-bleached sails, brine, wide cinematic landscape composition, dramatic depth from foreground to horizon, iconography woven into the scene: iron chains and tally markings; mauls, anvils, broken stone; tower walls and shield bosses, heightened drama, painterly highlights, the rarest card in the deck, evokes: Your empire runs on chains. Fortress zones drag in the wounded automatically, your slaves produce at double efficiency, and your heavy enforcers ensure no captives ever break free., fantasy card illustration in the style of Magic the Gathering art, full-bleed landscape composition, edge-to-edge artwork, cinematic horizontal framing, painterly ink and wash, muted earth-tones with one dominant accent color, atmospheric lighting, arcane and martial mood, no painted frame, no inner border, no decorative trim, no text, no letters, no numbers, no UI, no card frame","painted frame, decorative border, double border, ornate trim, ornamental frame, filigree border, tarot card border, card frame, vignette frame, inner border, text, letters, numbers, words, signature, watermark, caption, label, logo, title bar, portrait orientation, vertical composition, centered medallion, symmetrical heraldic layout, photo, photograph, photorealistic, 3d render, cgi, anime, manga, chibi, modern clothing, cars, technology, ui, hud, low quality, blurry, oversaturated"
"triples/desert_nomads_slave_empire.png","Slave Empire — splash rare scene depicting Desert Nomads at the moment of an emergent power, setting: red dunes and sun, woven indigo robes, wide cinematic landscape composition, dramatic depth from foreground to horizon, iconography woven into the scene: iron chains and tally markings; mauls, anvils, broken stone; tower walls and shield bosses, heightened drama, painterly highlights, the rarest card in the deck, evokes: Your empire runs on chains. Fortress zones drag in the wounded automatically, your slaves produce at double efficiency, and your heavy enforcers ensure no captives ever break free., fantasy card illustration in the style of Magic the Gathering art, full-bleed landscape composition, edge-to-edge artwork, cinematic horizontal framing, painterly ink and wash, muted earth-tones with one dominant accent color, atmospheric lighting, arcane and martial mood, no painted frame, no inner border, no decorative trim, no text, no letters, no numbers, no UI, no card frame","painted frame, decorative border, double border, ornate trim, ornamental frame, filigree border, tarot card border, card frame, vignette frame, inner border, text, letters, numbers, words, signature, watermark, caption, label, logo, title bar, portrait orientation, vertical composition, centered medallion, symmetrical heraldic layout, photo, photograph, photorealistic, 3d render, cgi, anime, manga, chibi, modern clothing, cars, technology, ui, hud, low quality, blurry, oversaturated"
"triples/savannah_lions_slave_empire.png","Slave Empire — splash rare scene depicting Savannah Lions at the moment of an emergent power, setting: tall grass, acacia silhouettes, lion totems, wide cinematic landscape composition, dramatic depth from foreground to horizon, iconography woven into the scene: iron chains and tally markings; mauls, anvils, broken stone; tower walls and shield bosses, heightened drama, painterly highlights, the rarest card in the deck, evokes: Your empire runs on chains. Fortress zones drag in the wounded automatically, your slaves produce at double efficiency, and your heavy enforcers ensure no captives ever break free., fantasy card illustration in the style of Magic the Gathering art, full-bleed landscape composition, edge-to-edge artwork, cinematic horizontal framing, painterly ink and wash, muted earth-tones with one dominant accent color, atmospheric lighting, arcane and martial mood, no painted frame, no inner border, no decorative trim, no text, no letters, no numbers, no UI, no card frame","painted frame, decorative border, double border, ornate trim, ornamental frame, filigree border, tarot card border, card frame, vignette frame, inner border, text, letters, numbers, words, signature, watermark, caption, label, logo, title bar, portrait orientation, vertical composition, centered medallion, symmetrical heraldic layout, photo, photograph, photorealistic, 3d render, cgi, anime, manga, chibi, modern clothing, cars, technology, ui, hud, low quality, blurry, oversaturated"
"triples/river_people_slave_empire.png","Slave Empire — splash rare scene depicting River People at the moment of an emergent power, setting: reed boats, lotus, mud-brick, wide cinematic landscape composition, dramatic depth from foreground to horizon, iconography woven into the scene: iron chains and tally markings; mauls, anvils, broken stone; tower walls and shield bosses, heightened drama, painterly highlights, the rarest card in the deck, evokes: Your empire runs on chains. Fortress zones drag in the wounded automatically, your slaves produce at double efficiency, and your heavy enforcers ensure no captives ever break free., fantasy card illustration in the style of Magic the Gathering art, full-bleed landscape composition, edge-to-edge artwork, cinematic horizontal framing, painterly ink and wash, muted earth-tones with one dominant accent color, atmospheric lighting, arcane and martial mood, no painted frame, no inner border, no decorative trim, no text, no letters, no numbers, no UI, no card frame","painted frame, decorative border, double border, ornate trim, ornamental frame, filigree border, tarot card border, card frame, vignette frame, inner border, text, letters, numbers, words, signature, watermark, caption, label, logo, title bar, portrait orientation, vertical composition, centered medallion, symmetrical heraldic layout, photo, photograph, photorealistic, 3d render, cgi, anime, manga, chibi, modern clothing, cars, technology, ui, hud, low quality, blurry, oversaturated"
"triples/frost_wardens_slave_empire.png","Slave Empire — splash rare scene depicting Arctic Wardens at the moment of an emergent power, setting: ice and pine, breath visible, blue dusk, wide cinematic landscape composition, dramatic depth from foreground to horizon, iconography woven into the scene: iron chains and tally markings; mauls, anvils, broken stone; tower walls and shield bosses, heightened drama, painterly highlights, the rarest card in the deck, evokes: Your empire runs on chains. Fortress zones drag in the wounded automatically, your slaves produce at double efficiency, and your heavy enforcers ensure no captives ever break free., fantasy card illustration in the style of Magic the Gathering art, full-bleed landscape composition, edge-to-edge artwork, cinematic horizontal framing, painterly ink and wash, muted earth-tones with one dominant accent color, atmospheric lighting, arcane and martial mood, no painted frame, no inner border, no decorative trim, no text, no letters, no numbers, no UI, no card frame","painted frame, decorative border, double border, ornate trim, ornamental frame, filigree border, tarot card border, card frame, vignette frame, inner border, text, letters, numbers, words, signature, watermark, caption, label, logo, title bar, portrait orientation, vertical composition, centered medallion, symmetrical heraldic layout, photo, photograph, photorealistic, 3d render, cgi, anime, manga, chibi, modern clothing, cars, technology, ui, hud, low quality, blurry, oversaturated"
"triples/jungle_clan_raid_camp.png","Raid Camp — splash rare scene depicting Jungle Clans at the moment of an emergent power, setting: verdant rainforest, dripping vines, jaguar pelts, wide cinematic landscape composition, dramatic depth from foreground to horizon, iconography woven into the scene: sun-bleached camels and dune ridges; iron chains and tally markings; tusked beasts and trampling cavalry, heightened drama, painterly highlights, the rarest card in the deck, evokes: Your raiders establish forward camps that turn any position into an ambush point. Allies surge with speed and stealth while enemies falter under the shadow of your presence., fantasy card illustration in the style of Magic the Gathering art, full-bleed landscape composition, edge-to-edge artwork, cinematic horizontal framing, painterly ink and wash, muted earth-tones with one dominant accent color, atmospheric lighting, arcane and martial mood, no painted frame, no inner border, no decorative trim, no text, no letters, no numbers, no UI, no card frame","painted frame, decorative border, double border, ornate trim, ornamental frame, filigree border, tarot card border, card frame, vignette frame, inner border, text, letters, numbers, words, signature, watermark, caption, label, logo, title bar, portrait orientation, vertical composition, centered medallion, symmetrical heraldic layout, photo, photograph, photorealistic, 3d render, cgi, anime, manga, chibi, modern clothing, cars, technology, ui, hud, low quality, blurry, oversaturated"
"triples/druid_circle_raid_camp.png","Raid Camp — splash rare scene depicting Druid Circle at the moment of an emergent power, setting: oak grove, standing stones, antlered figures, wide cinematic landscape composition, dramatic depth from foreground to horizon, iconography woven into the scene: sun-bleached camels and dune ridges; iron chains and tally markings; tusked beasts and trampling cavalry, heightened drama, painterly highlights, the rarest card in the deck, evokes: Your raiders establish forward camps that turn any position into an ambush point. Allies surge with speed and stealth while enemies falter under the shadow of your presence., fantasy card illustration in the style of Magic the Gathering art, full-bleed landscape composition, edge-to-edge artwork, cinematic horizontal framing, painterly ink and wash, muted earth-tones with one dominant accent color, atmospheric lighting, arcane and martial mood, no painted frame, no inner border, no decorative trim, no text, no letters, no numbers, no UI, no card frame","painted frame, decorative border, double border, ornate trim, ornamental frame, filigree border, tarot card border, card frame, vignette frame, inner border, text, letters, numbers, words, signature, watermark, caption, label, logo, title bar, portrait orientation, vertical composition, centered medallion, symmetrical heraldic layout, photo, photograph, photorealistic, 3d render, cgi, anime, manga, chibi, modern clothing, cars, technology, ui, hud, low quality, blurry, oversaturated"
"triples/steppe_clan_raid_camp.png","Raid Camp — splash rare scene depicting Steppe Riders at the moment of an emergent power, setting: open grassland under wide sky, horsehair banners, wide cinematic landscape composition, dramatic depth from foreground to horizon, iconography woven into the scene: sun-bleached camels and dune ridges; iron chains and tally markings; tusked beasts and trampling cavalry, heightened drama, painterly highlights, the rarest card in the deck, evokes: Your raiders establish forward camps that turn any position into an ambush point. Allies surge with speed and stealth while enemies falter under the shadow of your presence., fantasy card illustration in the style of Magic the Gathering art, full-bleed landscape composition, edge-to-edge artwork, cinematic horizontal framing, painterly ink and wash, muted earth-tones with one dominant accent color, atmospheric lighting, arcane and martial mood, no painted frame, no inner border, no decorative trim, no text, no letters, no numbers, no UI, no card frame","painted frame, decorative border, double border, ornate trim, ornamental frame, filigree border, tarot card border, card frame, vignette frame, inner border, text, letters, numbers, words, signature, watermark, caption, label, logo, title bar, portrait orientation, vertical composition, centered medallion, symmetrical heraldic layout, photo, photograph, photorealistic, 3d render, cgi, anime, manga, chibi, modern clothing, cars, technology, ui, hud, low quality, blurry, oversaturated"
"triples/hill_clan_raid_camp.png","Raid Camp — splash rare scene depicting Hill Engineers at the moment of an emergent power, setting: craggy heights, basalt walls, terraced ridges, wide cinematic landscape composition, dramatic depth from foreground to horizon, iconography woven into the scene: sun-bleached camels and dune ridges; iron chains and tally markings; tusked beasts and trampling cavalry, heightened drama, painterly highlights, the rarest card in the deck, evokes: Your raiders establish forward camps that turn any position into an ambush point. Allies surge with speed and stealth while enemies falter under the shadow of your presence., fantasy card illustration in the style of Magic the Gathering art, full-bleed landscape composition, edge-to-edge artwork, cinematic horizontal framing, painterly ink and wash, muted earth-tones with one dominant accent color, atmospheric lighting, arcane and martial mood, no painted frame, no inner border, no decorative trim, no text, no letters, no numbers, no UI, no card frame","painted frame, decorative border, double border, ornate trim, ornamental frame, filigree border, tarot card border, card frame, vignette frame, inner border, text, letters, numbers, words, signature, watermark, caption, label, logo, title bar, portrait orientation, vertical composition, centered medallion, symmetrical heraldic layout, photo, photograph, photorealistic, 3d render, cgi, anime, manga, chibi, modern clothing, cars, technology, ui, hud, low quality, blurry, oversaturated"
"triples/coral_people_raid_camp.png","Raid Camp — splash rare scene depicting Pirate Lords at the moment of an emergent power, setting: reef-bone architecture, salt-bleached sails, brine, wide cinematic landscape composition, dramatic depth from foreground to horizon, iconography woven into the scene: sun-bleached camels and dune ridges; iron chains and tally markings; tusked beasts and trampling cavalry, heightened drama, painterly highlights, the rarest card in the deck, evokes: Your raiders establish forward camps that turn any position into an ambush point. Allies surge with speed and stealth while enemies falter under the shadow of your presence., fantasy card illustration in the style of Magic the Gathering art, full-bleed landscape composition, edge-to-edge artwork, cinematic horizontal framing, painterly ink and wash, muted earth-tones with one dominant accent color, atmospheric lighting, arcane and martial mood, no painted frame, no inner border, no decorative trim, no text, no letters, no numbers, no UI, no card frame","painted frame, decorative border, double border, ornate trim, ornamental frame, filigree border, tarot card border, card frame, vignette frame, inner border, text, letters, numbers, words, signature, watermark, caption, label, logo, title bar, portrait orientation, vertical composition, centered medallion, symmetrical heraldic layout, photo, photograph, photorealistic, 3d render, cgi, anime, manga, chibi, modern clothing, cars, technology, ui, hud, low quality, blurry, oversaturated"
"triples/desert_nomads_raid_camp.png","Raid Camp — splash rare scene depicting Desert Nomads at the moment of an emergent power, setting: red dunes and sun, woven indigo robes, wide cinematic landscape composition, dramatic depth from foreground to horizon, iconography woven into the scene: sun-bleached camels and dune ridges; iron chains and tally markings; tusked beasts and trampling cavalry, heightened drama, painterly highlights, the rarest card in the deck, evokes: Your raiders establish forward camps that turn any position into an ambush point. Allies surge with speed and stealth while enemies falter under the shadow of your presence., fantasy card illustration in the style of Magic the Gathering art, full-bleed landscape composition, edge-to-edge artwork, cinematic horizontal framing, painterly ink and wash, muted earth-tones with one dominant accent color, atmospheric lighting, arcane and martial mood, no painted frame, no inner border, no decorative trim, no text, no letters, no numbers, no UI, no card frame","painted frame, decorative border, double border, ornate trim, ornamental frame, filigree border, tarot card border, card frame, vignette frame, inner border, text, letters, numbers, words, signature, watermark, caption, label, logo, title bar, portrait orientation, vertical composition, centered medallion, symmetrical heraldic layout, photo, photograph, photorealistic, 3d render, cgi, anime, manga, chibi, modern clothing, cars, technology, ui, hud, low quality, blurry, oversaturated"
"triples/savannah_lions_raid_camp.png","Raid Camp — splash rare scene depicting Savannah Lions at the moment of an emergent power, setting: tall grass, acacia silhouettes, lion totems, wide cinematic landscape composition, dramatic depth from foreground to horizon, iconography woven into the scene: sun-bleached camels and dune ridges; iron chains and tally markings; tusked beasts and trampling cavalry, heightened drama, painterly highlights, the rarest card in the deck, evokes: Your raiders establish forward camps that turn any position into an ambush point. Allies surge with speed and stealth while enemies falter under the shadow of your presence., fantasy card illustration in the style of Magic the Gathering art, full-bleed landscape composition, edge-to-edge artwork, cinematic horizontal framing, painterly ink and wash, muted earth-tones with one dominant accent color, atmospheric lighting, arcane and martial mood, no painted frame, no inner border, no decorative trim, no text, no letters, no numbers, no UI, no card frame","painted frame, decorative border, double border, ornate trim, ornamental frame, filigree border, tarot card border, card frame, vignette frame, inner border, text, letters, numbers, words, signature, watermark, caption, label, logo, title bar, portrait orientation, vertical composition, centered medallion, symmetrical heraldic layout, photo, photograph, photorealistic, 3d render, cgi, anime, manga, chibi, modern clothing, cars, technology, ui, hud, low quality, blurry, oversaturated"
"triples/river_people_raid_camp.png","Raid Camp — splash rare scene depicting River People at the moment of an emergent power, setting: reed boats, lotus, mud-brick, wide cinematic landscape composition, dramatic depth from foreground to horizon, iconography woven into the scene: sun-bleached camels and dune ridges; iron chains and tally markings; tusked beasts and trampling cavalry, heightened drama, painterly highlights, the rarest card in the deck, evokes: Your raiders establish forward camps that turn any position into an ambush point. Allies surge with speed and stealth while enemies falter under the shadow of your presence., fantasy card illustration in the style of Magic the Gathering art, full-bleed landscape composition, edge-to-edge artwork, cinematic horizontal framing, painterly ink and wash, muted earth-tones with one dominant accent color, atmospheric lighting, arcane and martial mood, no painted frame, no inner border, no decorative trim, no text, no letters, no numbers, no UI, no card frame","painted frame, decorative border, double border, ornate trim, ornamental frame, filigree border, tarot card border, card frame, vignette frame, inner border, text, letters, numbers, words, signature, watermark, caption, label, logo, title bar, portrait orientation, vertical composition, centered medallion, symmetrical heraldic layout, photo, photograph, photorealistic, 3d render, cgi, anime, manga, chibi, modern clothing, cars, technology, ui, hud, low quality, blurry, oversaturated"
"triples/frost_wardens_raid_camp.png","Raid Camp — splash rare scene depicting Arctic Wardens at the moment of an emergent power, setting: ice and pine, breath visible, blue dusk, wide cinematic landscape composition, dramatic depth from foreground to horizon, iconography woven into the scene: sun-bleached camels and dune ridges; iron chains and tally markings; tusked beasts and trampling cavalry, heightened drama, painterly highlights, the rarest card in the deck, evokes: Your raiders establish forward camps that turn any position into an ambush point. Allies surge with speed and stealth while enemies falter under the shadow of your presence., fantasy card illustration in the style of Magic the Gathering art, full-bleed landscape composition, edge-to-edge artwork, cinematic horizontal framing, painterly ink and wash, muted earth-tones with one dominant accent color, atmospheric lighting, arcane and martial mood, no painted frame, no inner border, no decorative trim, no text, no letters, no numbers, no UI, no card frame","painted frame, decorative border, double border, ornate trim, ornamental frame, filigree border, tarot card border, card frame, vignette frame, inner border, text, letters, numbers, words, signature, watermark, caption, label, logo, title bar, portrait orientation, vertical composition, centered medallion, symmetrical heraldic layout, photo, photograph, photorealistic, 3d render, cgi, anime, manga, chibi, modern clothing, cars, technology, ui, hud, low quality, blurry, oversaturated"
"triples/jungle_clan_poison_shadow.png","Poison Shadow — splash rare scene depicting Jungle Clans at the moment of an emergent power, setting: verdant rainforest, dripping vines, jaguar pelts, wide cinematic landscape composition, dramatic depth from foreground to horizon, iconography woven into the scene: serpents and dripping toxin; reeds, mist on still water, half-submerged eyes; tusked beasts and trampling cavalry, heightened drama, painterly highlights, the rarest card in the deck, evokes: Your shadow-venom assassins are the nightmare your enemies never wake from. Strike from darkness with triple venom, then retreat into a cloud of poison that chokes the life from anyone who dares follow., fantasy card illustration in the style of Magic the Gathering art, full-bleed landscape composition, edge-to-edge artwork, cinematic horizontal framing, painterly ink and wash, muted earth-tones with one dominant accent color, atmospheric lighting, arcane and martial mood, no painted frame, no inner border, no decorative trim, no text, no letters, no numbers, no UI, no card frame","painted frame, decorative border, double border, ornate trim, ornamental frame, filigree border, tarot card border, card frame, vignette frame, inner border, text, letters, numbers, words, signature, watermark, caption, label, logo, title bar, portrait orientation, vertical composition, centered medallion, symmetrical heraldic layout, photo, photograph, photorealistic, 3d render, cgi, anime, manga, chibi, modern clothing, cars, technology, ui, hud, low quality, blurry, oversaturated"
"triples/druid_circle_poison_shadow.png","Poison Shadow — splash rare scene depicting Druid Circle at the moment of an emergent power, setting: oak grove, standing stones, antlered figures, wide cinematic landscape composition, dramatic depth from foreground to horizon, iconography woven into the scene: serpents and dripping toxin; reeds, mist on still water, half-submerged eyes; tusked beasts and trampling cavalry, heightened drama, painterly highlights, the rarest card in the deck, evokes: Your shadow-venom assassins are the nightmare your enemies never wake from. Strike from darkness with triple venom, then retreat into a cloud of poison that chokes the life from anyone who dares follow., fantasy card illustration in the style of Magic the Gathering art, full-bleed landscape composition, edge-to-edge artwork, cinematic horizontal framing, painterly ink and wash, muted earth-tones with one dominant accent color, atmospheric lighting, arcane and martial mood, no painted frame, no inner border, no decorative trim, no text, no letters, no numbers, no UI, no card frame","painted frame, decorative border, double border, ornate trim, ornamental frame, filigree border, tarot card border, card frame, vignette frame, inner border, text, letters, numbers, words, signature, watermark, caption, label, logo, title bar, portrait orientation, vertical composition, centered medallion, symmetrical heraldic layout, photo, photograph, photorealistic, 3d render, cgi, anime, manga, chibi, modern clothing, cars, technology, ui, hud, low quality, blurry, oversaturated"
"triples/steppe_clan_poison_shadow.png","Poison Shadow — splash rare scene depicting Steppe Riders at the moment of an emergent power, setting: open grassland under wide sky, horsehair banners, wide cinematic landscape composition, dramatic depth from foreground to horizon, iconography woven into the scene: serpents and dripping toxin; reeds, mist on still water, half-submerged eyes; tusked beasts and trampling cavalry, heightened drama, painterly highlights, the rarest card in the deck, evokes: Your shadow-venom assassins are the nightmare your enemies never wake from. Strike from darkness with triple venom, then retreat into a cloud of poison that chokes the life from anyone who dares follow., fantasy card illustration in the style of Magic the Gathering art, full-bleed landscape composition, edge-to-edge artwork, cinematic horizontal framing, painterly ink and wash, muted earth-tones with one dominant accent color, atmospheric lighting, arcane and martial mood, no painted frame, no inner border, no decorative trim, no text, no letters, no numbers, no UI, no card frame","painted frame, decorative border, double border, ornate trim, ornamental frame, filigree border, tarot card border, card frame, vignette frame, inner border, text, letters, numbers, words, signature, watermark, caption, label, logo, title bar, portrait orientation, vertical composition, centered medallion, symmetrical heraldic layout, photo, photograph, photorealistic, 3d render, cgi, anime, manga, chibi, modern clothing, cars, technology, ui, hud, low quality, blurry, oversaturated"
"triples/hill_clan_poison_shadow.png","Poison Shadow — splash rare scene depicting Hill Engineers at the moment of an emergent power, setting: craggy heights, basalt walls, terraced ridges, wide cinematic landscape composition, dramatic depth from foreground to horizon, iconography woven into the scene: serpents and dripping toxin; reeds, mist on still water, half-submerged eyes; tusked beasts and trampling cavalry, heightened drama, painterly highlights, the rarest card in the deck, evokes: Your shadow-venom assassins are the nightmare your enemies never wake from. Strike from darkness with triple venom, then retreat into a cloud of poison that chokes the life from anyone who dares follow., fantasy card illustration in the style of Magic the Gathering art, full-bleed landscape composition, edge-to-edge artwork, cinematic horizontal framing, painterly ink and wash, muted earth-tones with one dominant accent color, atmospheric lighting, arcane and martial mood, no painted frame, no inner border, no decorative trim, no text, no letters, no numbers, no UI, no card frame","painted frame, decorative border, double border, ornate trim, ornamental frame, filigree border, tarot card border, card frame, vignette frame, inner border, text, letters, numbers, words, signature, watermark, caption, label, logo, title bar, portrait orientation, vertical composition, centered medallion, symmetrical heraldic layout, photo, photograph, photorealistic, 3d render, cgi, anime, manga, chibi, modern clothing, cars, technology, ui, hud, low quality, blurry, oversaturated"
"triples/coral_people_poison_shadow.png","Poison Shadow — splash rare scene depicting Pirate Lords at the moment of an emergent power, setting: reef-bone architecture, salt-bleached sails, brine, wide cinematic landscape composition, dramatic depth from foreground to horizon, iconography woven into the scene: serpents and dripping toxin; reeds, mist on still water, half-submerged eyes; tusked beasts and trampling cavalry, heightened drama, painterly highlights, the rarest card in the deck, evokes: Your shadow-venom assassins are the nightmare your enemies never wake from. Strike from darkness with triple venom, then retreat into a cloud of poison that chokes the life from anyone who dares follow., fantasy card illustration in the style of Magic the Gathering art, full-bleed landscape composition, edge-to-edge artwork, cinematic horizontal framing, painterly ink and wash, muted earth-tones with one dominant accent color, atmospheric lighting, arcane and martial mood, no painted frame, no inner border, no decorative trim, no text, no letters, no numbers, no UI, no card frame","painted frame, decorative border, double border, ornate trim, ornamental frame, filigree border, tarot card border, card frame, vignette frame, inner border, text, letters, numbers, words, signature, watermark, caption, label, logo, title bar, portrait orientation, vertical composition, centered medallion, symmetrical heraldic layout, photo, photograph, photorealistic, 3d render, cgi, anime, manga, chibi, modern clothing, cars, technology, ui, hud, low quality, blurry, oversaturated"
"triples/desert_nomads_poison_shadow.png","Poison Shadow — splash rare scene depicting Desert Nomads at the moment of an emergent power, setting: red dunes and sun, woven indigo robes, wide cinematic landscape composition, dramatic depth from foreground to horizon, iconography woven into the scene: serpents and dripping toxin; reeds, mist on still water, half-submerged eyes; tusked beasts and trampling cavalry, heightened drama, painterly highlights, the rarest card in the deck, evokes: Your shadow-venom assassins are the nightmare your enemies never wake from. Strike from darkness with triple venom, then retreat into a cloud of poison that chokes the life from anyone who dares follow., fantasy card illustration in the style of Magic the Gathering art, full-bleed landscape composition, edge-to-edge artwork, cinematic horizontal framing, painterly ink and wash, muted earth-tones with one dominant accent color, atmospheric lighting, arcane and martial mood, no painted frame, no inner border, no decorative trim, no text, no letters, no numbers, no UI, no card frame","painted frame, decorative border, double border, ornate trim, ornamental frame, filigree border, tarot card border, card frame, vignette frame, inner border, text, letters, numbers, words, signature, watermark, caption, label, logo, title bar, portrait orientation, vertical composition, centered medallion, symmetrical heraldic layout, photo, photograph, photorealistic, 3d render, cgi, anime, manga, chibi, modern clothing, cars, technology, ui, hud, low quality, blurry, oversaturated"
"triples/savannah_lions_poison_shadow.png","Poison Shadow — splash rare scene depicting Savannah Lions at the moment of an emergent power, setting: tall grass, acacia silhouettes, lion totems, wide cinematic landscape composition, dramatic depth from foreground to horizon, iconography woven into the scene: serpents and dripping toxin; reeds, mist on still water, half-submerged eyes; tusked beasts and trampling cavalry, heightened drama, painterly highlights, the rarest card in the deck, evokes: Your shadow-venom assassins are the nightmare your enemies never wake from. Strike from darkness with triple venom, then retreat into a cloud of poison that chokes the life from anyone who dares follow., fantasy card illustration in the style of Magic the Gathering art, full-bleed landscape composition, edge-to-edge artwork, cinematic horizontal framing, painterly ink and wash, muted earth-tones with one dominant accent color, atmospheric lighting, arcane and martial mood, no painted frame, no inner border, no decorative trim, no text, no letters, no numbers, no UI, no card frame","painted frame, decorative border, double border, ornate trim, ornamental frame, filigree border, tarot card border, card frame, vignette frame, inner border, text, letters, numbers, words, signature, watermark, caption, label, logo, title bar, portrait orientation, vertical composition, centered medallion, symmetrical heraldic layout, photo, photograph, photorealistic, 3d render, cgi, anime, manga, chibi, modern clothing, cars, technology, ui, hud, low quality, blurry, oversaturated"
"triples/river_people_poison_shadow.png","Poison Shadow — splash rare scene depicting River People at the moment of an emergent power, setting: reed boats, lotus, mud-brick, wide cinematic landscape composition, dramatic depth from foreground to horizon, iconography woven into the scene: serpents and dripping toxin; reeds, mist on still water, half-submerged eyes; tusked beasts and trampling cavalry, heightened drama, painterly highlights, the rarest card in the deck, evokes: Your shadow-venom assassins are the nightmare your enemies never wake from. Strike from darkness with triple venom, then retreat into a cloud of poison that chokes the life from anyone who dares follow., fantasy card illustration in the style of Magic the Gathering art, full-bleed landscape composition, edge-to-edge artwork, cinematic horizontal framing, painterly ink and wash, muted earth-tones with one dominant accent color, atmospheric lighting, arcane and martial mood, no painted frame, no inner border, no decorative trim, no text, no letters, no numbers, no UI, no card frame","painted frame, decorative border, double border, ornate trim, ornamental frame, filigree border, tarot card border, card frame, vignette frame, inner border, text, letters, numbers, words, signature, watermark, caption, label, logo, title bar, portrait orientation, vertical composition, centered medallion, symmetrical heraldic layout, photo, photograph, photorealistic, 3d render, cgi, anime, manga, chibi, modern clothing, cars, technology, ui, hud, low quality, blurry, oversaturated"
"triples/frost_wardens_poison_shadow.png","Poison Shadow — splash rare scene depicting Arctic Wardens at the moment of an emergent power, setting: ice and pine, breath visible, blue dusk, wide cinematic landscape composition, dramatic depth from foreground to horizon, iconography woven into the scene: serpents and dripping toxin; reeds, mist on still water, half-submerged eyes; tusked beasts and trampling cavalry, heightened drama, painterly highlights, the rarest card in the deck, evokes: Your shadow-venom assassins are the nightmare your enemies never wake from. Strike from darkness with triple venom, then retreat into a cloud of poison that chokes the life from anyone who dares follow., fantasy card illustration in the style of Magic the Gathering art, full-bleed landscape composition, edge-to-edge artwork, cinematic horizontal framing, painterly ink and wash, muted earth-tones with one dominant accent color, atmospheric lighting, arcane and martial mood, no painted frame, no inner border, no decorative trim, no text, no letters, no numbers, no UI, no card frame","painted frame, decorative border, double border, ornate trim, ornamental frame, filigree border, tarot card border, card frame, vignette frame, inner border, text, letters, numbers, words, signature, watermark, caption, label, logo, title bar, portrait orientation, vertical composition, centered medallion, symmetrical heraldic layout, photo, photograph, photorealistic, 3d render, cgi, anime, manga, chibi, modern clothing, cars, technology, ui, hud, low quality, blurry, oversaturated"
"triples/jungle_clan_iron_turtle.png","Iron Turtle — splash rare scene depicting Jungle Clans at the moment of an emergent power, setting: verdant rainforest, dripping vines, jaguar pelts, wide cinematic landscape composition, dramatic depth from foreground to horizon, iconography woven into the scene: tower walls and shield bosses; mauls, anvils, broken stone; cresting waves and prow-ships, heightened drama, painterly highlights, the rarest card in the deck, evokes: Your iron turtles are immovable juggernauts that crush everything nearby. They reflect pain, grind down opposition, and walk through enemy formations as if they weren't there., fantasy card illustration in the style of Magic the Gathering art, full-bleed landscape composition, edge-to-edge artwork, cinematic horizontal framing, painterly ink and wash, muted earth-tones with one dominant accent color, atmospheric lighting, arcane and martial mood, no painted frame, no inner border, no decorative trim, no text, no letters, no numbers, no UI, no card frame","painted frame, decorative border, double border, ornate trim, ornamental frame, filigree border, tarot card border, card frame, vignette frame, inner border, text, letters, numbers, words, signature, watermark, caption, label, logo, title bar, portrait orientation, vertical composition, centered medallion, symmetrical heraldic layout, photo, photograph, photorealistic, 3d render, cgi, anime, manga, chibi, modern clothing, cars, technology, ui, hud, low quality, blurry, oversaturated"
"triples/druid_circle_iron_turtle.png","Iron Turtle — splash rare scene depicting Druid Circle at the moment of an emergent power, setting: oak grove, standing stones, antlered figures, wide cinematic landscape composition, dramatic depth from foreground to horizon, iconography woven into the scene: tower walls and shield bosses; mauls, anvils, broken stone; cresting waves and prow-ships, heightened drama, painterly highlights, the rarest card in the deck, evokes: Your iron turtles are immovable juggernauts that crush everything nearby. They reflect pain, grind down opposition, and walk through enemy formations as if they weren't there., fantasy card illustration in the style of Magic the Gathering art, full-bleed landscape composition, edge-to-edge artwork, cinematic horizontal framing, painterly ink and wash, muted earth-tones with one dominant accent color, atmospheric lighting, arcane and martial mood, no painted frame, no inner border, no decorative trim, no text, no letters, no numbers, no UI, no card frame","painted frame, decorative border, double border, ornate trim, ornamental frame, filigree border, tarot card border, card frame, vignette frame, inner border, text, letters, numbers, words, signature, watermark, caption, label, logo, title bar, portrait orientation, vertical composition, centered medallion, symmetrical heraldic layout, photo, photograph, photorealistic, 3d render, cgi, anime, manga, chibi, modern clothing, cars, technology, ui, hud, low quality, blurry, oversaturated"
"triples/steppe_clan_iron_turtle.png","Iron Turtle — splash rare scene depicting Steppe Riders at the moment of an emergent power, setting: open grassland under wide sky, horsehair banners, wide cinematic landscape composition, dramatic depth from foreground to horizon, iconography woven into the scene: tower walls and shield bosses; mauls, anvils, broken stone; cresting waves and prow-ships, heightened drama, painterly highlights, the rarest card in the deck, evokes: Your iron turtles are immovable juggernauts that crush everything nearby. They reflect pain, grind down opposition, and walk through enemy formations as if they weren't there., fantasy card illustration in the style of Magic the Gathering art, full-bleed landscape composition, edge-to-edge artwork, cinematic horizontal framing, painterly ink and wash, muted earth-tones with one dominant accent color, atmospheric lighting, arcane and martial mood, no painted frame, no inner border, no decorative trim, no text, no letters, no numbers, no UI, no card frame","painted frame, decorative border, double border, ornate trim, ornamental frame, filigree border, tarot card border, card frame, vignette frame, inner border, text, letters, numbers, words, signature, watermark, caption, label, logo, title bar, portrait orientation, vertical composition, centered medallion, symmetrical heraldic layout, photo, photograph, photorealistic, 3d render, cgi, anime, manga, chibi, modern clothing, cars, technology, ui, hud, low quality, blurry, oversaturated"
"triples/hill_clan_iron_turtle.png","Iron Turtle — splash rare scene depicting Hill Engineers at the moment of an emergent power, setting: craggy heights, basalt walls, terraced ridges, wide cinematic landscape composition, dramatic depth from foreground to horizon, iconography woven into the scene: tower walls and shield bosses; mauls, anvils, broken stone; cresting waves and prow-ships, heightened drama, painterly highlights, the rarest card in the deck, evokes: Your iron turtles are immovable juggernauts that crush everything nearby. They reflect pain, grind down opposition, and walk through enemy formations as if they weren't there., fantasy card illustration in the style of Magic the Gathering art, full-bleed landscape composition, edge-to-edge artwork, cinematic horizontal framing, painterly ink and wash, muted earth-tones with one dominant accent color, atmospheric lighting, arcane and martial mood, no painted frame, no inner border, no decorative trim, no text, no letters, no numbers, no UI, no card frame","painted frame, decorative border, double border, ornate trim, ornamental frame, filigree border, tarot card border, card frame, vignette frame, inner border, text, letters, numbers, words, signature, watermark, caption, label, logo, title bar, portrait orientation, vertical composition, centered medallion, symmetrical heraldic layout, photo, photograph, photorealistic, 3d render, cgi, anime, manga, chibi, modern clothing, cars, technology, ui, hud, low quality, blurry, oversaturated"
"triples/coral_people_iron_turtle.png","Iron Turtle — splash rare scene depicting Pirate Lords at the moment of an emergent power, setting: reef-bone architecture, salt-bleached sails, brine, wide cinematic landscape composition, dramatic depth from foreground to horizon, iconography woven into the scene: tower walls and shield bosses; mauls, anvils, broken stone; cresting waves and prow-ships, heightened drama, painterly highlights, the rarest card in the deck, evokes: Your iron turtles are immovable juggernauts that crush everything nearby. They reflect pain, grind down opposition, and walk through enemy formations as if they weren't there., fantasy card illustration in the style of Magic the Gathering art, full-bleed landscape composition, edge-to-edge artwork, cinematic horizontal framing, painterly ink and wash, muted earth-tones with one dominant accent color, atmospheric lighting, arcane and martial mood, no painted frame, no inner border, no decorative trim, no text, no letters, no numbers, no UI, no card frame","painted frame, decorative border, double border, ornate trim, ornamental frame, filigree border, tarot card border, card frame, vignette frame, inner border, text, letters, numbers, words, signature, watermark, caption, label, logo, title bar, portrait orientation, vertical composition, centered medallion, symmetrical heraldic layout, photo, photograph, photorealistic, 3d render, cgi, anime, manga, chibi, modern clothing, cars, technology, ui, hud, low quality, blurry, oversaturated"
"triples/desert_nomads_iron_turtle.png","Iron Turtle — splash rare scene depicting Desert Nomads at the moment of an emergent power, setting: red dunes and sun, woven indigo robes, wide cinematic landscape composition, dramatic depth from foreground to horizon, iconography woven into the scene: tower walls and shield bosses; mauls, anvils, broken stone; cresting waves and prow-ships, heightened drama, painterly highlights, the rarest card in the deck, evokes: Your iron turtles are immovable juggernauts that crush everything nearby. They reflect pain, grind down opposition, and walk through enemy formations as if they weren't there., fantasy card illustration in the style of Magic the Gathering art, full-bleed landscape composition, edge-to-edge artwork, cinematic horizontal framing, painterly ink and wash, muted earth-tones with one dominant accent color, atmospheric lighting, arcane and martial mood, no painted frame, no inner border, no decorative trim, no text, no letters, no numbers, no UI, no card frame","painted frame, decorative border, double border, ornate trim, ornamental frame, filigree border, tarot card border, card frame, vignette frame, inner border, text, letters, numbers, words, signature, watermark, caption, label, logo, title bar, portrait orientation, vertical composition, centered medallion, symmetrical heraldic layout, photo, photograph, photorealistic, 3d render, cgi, anime, manga, chibi, modern clothing, cars, technology, ui, hud, low quality, blurry, oversaturated"
"triples/savannah_lions_iron_turtle.png","Iron Turtle — splash rare scene depicting Savannah Lions at the moment of an emergent power, setting: tall grass, acacia silhouettes, lion totems, wide cinematic landscape composition, dramatic depth from foreground to horizon, iconography woven into the scene: tower walls and shield bosses; mauls, anvils, broken stone; cresting waves and prow-ships, heightened drama, painterly highlights, the rarest card in the deck, evokes: Your iron turtles are immovable juggernauts that crush everything nearby. They reflect pain, grind down opposition, and walk through enemy formations as if they weren't there., fantasy card illustration in the style of Magic the Gathering art, full-bleed landscape composition, edge-to-edge artwork, cinematic horizontal framing, painterly ink and wash, muted earth-tones with one dominant accent color, atmospheric lighting, arcane and martial mood, no painted frame, no inner border, no decorative trim, no text, no letters, no numbers, no UI, no card frame","painted frame, decorative border, double border, ornate trim, ornamental frame, filigree border, tarot card border, card frame, vignette frame, inner border, text, letters, numbers, words, signature, watermark, caption, label, logo, title bar, portrait orientation, vertical composition, centered medallion, symmetrical heraldic layout, photo, photograph, photorealistic, 3d render, cgi, anime, manga, chibi, modern clothing, cars, technology, ui, hud, low quality, blurry, oversaturated"
"triples/river_people_iron_turtle.png","Iron Turtle — splash rare scene depicting River People at the moment of an emergent power, setting: reed boats, lotus, mud-brick, wide cinematic landscape composition, dramatic depth from foreground to horizon, iconography woven into the scene: tower walls and shield bosses; mauls, anvils, broken stone; cresting waves and prow-ships, heightened drama, painterly highlights, the rarest card in the deck, evokes: Your iron turtles are immovable juggernauts that crush everything nearby. They reflect pain, grind down opposition, and walk through enemy formations as if they weren't there., fantasy card illustration in the style of Magic the Gathering art, full-bleed landscape composition, edge-to-edge artwork, cinematic horizontal framing, painterly ink and wash, muted earth-tones with one dominant accent color, atmospheric lighting, arcane and martial mood, no painted frame, no inner border, no decorative trim, no text, no letters, no numbers, no UI, no card frame","painted frame, decorative border, double border, ornate trim, ornamental frame, filigree border, tarot card border, card frame, vignette frame, inner border, text, letters, numbers, words, signature, watermark, caption, label, logo, title bar, portrait orientation, vertical composition, centered medallion, symmetrical heraldic layout, photo, photograph, photorealistic, 3d render, cgi, anime, manga, chibi, modern clothing, cars, technology, ui, hud, low quality, blurry, oversaturated"
"triples/frost_wardens_iron_turtle.png","Iron Turtle — splash rare scene depicting Arctic Wardens at the moment of an emergent power, setting: ice and pine, breath visible, blue dusk, wide cinematic landscape composition, dramatic depth from foreground to horizon, iconography woven into the scene: tower walls and shield bosses; mauls, anvils, broken stone; cresting waves and prow-ships, heightened drama, painterly highlights, the rarest card in the deck, evokes: Your iron turtles are immovable juggernauts that crush everything nearby. They reflect pain, grind down opposition, and walk through enemy formations as if they weren't there., fantasy card illustration in the style of Magic the Gathering art, full-bleed landscape composition, edge-to-edge artwork, cinematic horizontal framing, painterly ink and wash, muted earth-tones with one dominant accent color, atmospheric lighting, arcane and martial mood, no painted frame, no inner border, no decorative trim, no text, no letters, no numbers, no UI, no card frame","painted frame, decorative border, double border, ornate trim, ornamental frame, filigree border, tarot card border, card frame, vignette frame, inner border, text, letters, numbers, words, signature, watermark, caption, label, logo, title bar, portrait orientation, vertical composition, centered medallion, symmetrical heraldic layout, photo, photograph, photorealistic, 3d render, cgi, anime, manga, chibi, modern clothing, cars, technology, ui, hud, low quality, blurry, oversaturated"
"triples/jungle_clan_many_faced.png","Many-Faced — splash rare scene depicting Jungle Clans at the moment of an emergent power, setting: verdant rainforest, dripping vines, jaguar pelts, wide cinematic landscape composition, dramatic depth from foreground to horizon, iconography woven into the scene: , heightened drama, painterly highlights, the rarest card in the deck, evokes: Your many-faced warriors adapt to every moment of battle. They are shield when struck, blade when striking, and shadow when moving — ever shifting, never the same twice., fantasy card illustration in the style of Magic the Gathering art, full-bleed landscape composition, edge-to-edge artwork, cinematic horizontal framing, painterly ink and wash, muted earth-tones with one dominant accent color, atmospheric lighting, arcane and martial mood, no painted frame, no inner border, no decorative trim, no text, no letters, no numbers, no UI, no card frame","painted frame, decorative border, double border, ornate trim, ornamental frame, filigree border, tarot card border, card frame, vignette frame, inner border, text, letters, numbers, words, signature, watermark, caption, label, logo, title bar, portrait orientation, vertical composition, centered medallion, symmetrical heraldic layout, photo, photograph, photorealistic, 3d render, cgi, anime, manga, chibi, modern clothing, cars, technology, ui, hud, low quality, blurry, oversaturated"
"triples/druid_circle_many_faced.png","Many-Faced — splash rare scene depicting Druid Circle at the moment of an emergent power, setting: oak grove, standing stones, antlered figures, wide cinematic landscape composition, dramatic depth from foreground to horizon, iconography woven into the scene: , heightened drama, painterly highlights, the rarest card in the deck, evokes: Your many-faced warriors adapt to every moment of battle. They are shield when struck, blade when striking, and shadow when moving — ever shifting, never the same twice., fantasy card illustration in the style of Magic the Gathering art, full-bleed landscape composition, edge-to-edge artwork, cinematic horizontal framing, painterly ink and wash, muted earth-tones with one dominant accent color, atmospheric lighting, arcane and martial mood, no painted frame, no inner border, no decorative trim, no text, no letters, no numbers, no UI, no card frame","painted frame, decorative border, double border, ornate trim, ornamental frame, filigree border, tarot card border, card frame, vignette frame, inner border, text, letters, numbers, words, signature, watermark, caption, label, logo, title bar, portrait orientation, vertical composition, centered medallion, symmetrical heraldic layout, photo, photograph, photorealistic, 3d render, cgi, anime, manga, chibi, modern clothing, cars, technology, ui, hud, low quality, blurry, oversaturated"
"triples/steppe_clan_many_faced.png","Many-Faced — splash rare scene depicting Steppe Riders at the moment of an emergent power, setting: open grassland under wide sky, horsehair banners, wide cinematic landscape composition, dramatic depth from foreground to horizon, iconography woven into the scene: , heightened drama, painterly highlights, the rarest card in the deck, evokes: Your many-faced warriors adapt to every moment of battle. They are shield when struck, blade when striking, and shadow when moving — ever shifting, never the same twice., fantasy card illustration in the style of Magic the Gathering art, full-bleed landscape composition, edge-to-edge artwork, cinematic horizontal framing, painterly ink and wash, muted earth-tones with one dominant accent color, atmospheric lighting, arcane and martial mood, no painted frame, no inner border, no decorative trim, no text, no letters, no numbers, no UI, no card frame","painted frame, decorative border, double border, ornate trim, ornamental frame, filigree border, tarot card border, card frame, vignette frame, inner border, text, letters, numbers, words, signature, watermark, caption, label, logo, title bar, portrait orientation, vertical composition, centered medallion, symmetrical heraldic layout, photo, photograph, photorealistic, 3d render, cgi, anime, manga, chibi, modern clothing, cars, technology, ui, hud, low quality, blurry, oversaturated"
"triples/hill_clan_many_faced.png","Many-Faced — splash rare scene depicting Hill Engineers at the moment of an emergent power, setting: craggy heights, basalt walls, terraced ridges, wide cinematic landscape composition, dramatic depth from foreground to horizon, iconography woven into the scene: , heightened drama, painterly highlights, the rarest card in the deck, evokes: Your many-faced warriors adapt to every moment of battle. They are shield when struck, blade when striking, and shadow when moving — ever shifting, never the same twice., fantasy card illustration in the style of Magic the Gathering art, full-bleed landscape composition, edge-to-edge artwork, cinematic horizontal framing, painterly ink and wash, muted earth-tones with one dominant accent color, atmospheric lighting, arcane and martial mood, no painted frame, no inner border, no decorative trim, no text, no letters, no numbers, no UI, no card frame","painted frame, decorative border, double border, ornate trim, ornamental frame, filigree border, tarot card border, card frame, vignette frame, inner border, text, letters, numbers, words, signature, watermark, caption, label, logo, title bar, portrait orientation, vertical composition, centered medallion, symmetrical heraldic layout, photo, photograph, photorealistic, 3d render, cgi, anime, manga, chibi, modern clothing, cars, technology, ui, hud, low quality, blurry, oversaturated"
"triples/coral_people_many_faced.png","Many-Faced — splash rare scene depicting Pirate Lords at the moment of an emergent power, setting: reef-bone architecture, salt-bleached sails, brine, wide cinematic landscape composition, dramatic depth from foreground to horizon, iconography woven into the scene: , heightened drama, painterly highlights, the rarest card in the deck, evokes: Your many-faced warriors adapt to every moment of battle. They are shield when struck, blade when striking, and shadow when moving — ever shifting, never the same twice., fantasy card illustration in the style of Magic the Gathering art, full-bleed landscape composition, edge-to-edge artwork, cinematic horizontal framing, painterly ink and wash, muted earth-tones with one dominant accent color, atmospheric lighting, arcane and martial mood, no painted frame, no inner border, no decorative trim, no text, no letters, no numbers, no UI, no card frame","painted frame, decorative border, double border, ornate trim, ornamental frame, filigree border, tarot card border, card frame, vignette frame, inner border, text, letters, numbers, words, signature, watermark, caption, label, logo, title bar, portrait orientation, vertical composition, centered medallion, symmetrical heraldic layout, photo, photograph, photorealistic, 3d render, cgi, anime, manga, chibi, modern clothing, cars, technology, ui, hud, low quality, blurry, oversaturated"
"triples/desert_nomads_many_faced.png","Many-Faced — splash rare scene depicting Desert Nomads at the moment of an emergent power, setting: red dunes and sun, woven indigo robes, wide cinematic landscape composition, dramatic depth from foreground to horizon, iconography woven into the scene: , heightened drama, painterly highlights, the rarest card in the deck, evokes: Your many-faced warriors adapt to every moment of battle. They are shield when struck, blade when striking, and shadow when moving — ever shifting, never the same twice., fantasy card illustration in the style of Magic the Gathering art, full-bleed landscape composition, edge-to-edge artwork, cinematic horizontal framing, painterly ink and wash, muted earth-tones with one dominant accent color, atmospheric lighting, arcane and martial mood, no painted frame, no inner border, no decorative trim, no text, no letters, no numbers, no UI, no card frame","painted frame, decorative border, double border, ornate trim, ornamental frame, filigree border, tarot card border, card frame, vignette frame, inner border, text, letters, numbers, words, signature, watermark, caption, label, logo, title bar, portrait orientation, vertical composition, centered medallion, symmetrical heraldic layout, photo, photograph, photorealistic, 3d render, cgi, anime, manga, chibi, modern clothing, cars, technology, ui, hud, low quality, blurry, oversaturated"
"triples/savannah_lions_many_faced.png","Many-Faced — splash rare scene depicting Savannah Lions at the moment of an emergent power, setting: tall grass, acacia silhouettes, lion totems, wide cinematic landscape composition, dramatic depth from foreground to horizon, iconography woven into the scene: , heightened drama, painterly highlights, the rarest card in the deck, evokes: Your many-faced warriors adapt to every moment of battle. They are shield when struck, blade when striking, and shadow when moving — ever shifting, never the same twice., fantasy card illustration in the style of Magic the Gathering art, full-bleed landscape composition, edge-to-edge artwork, cinematic horizontal framing, painterly ink and wash, muted earth-tones with one dominant accent color, atmospheric lighting, arcane and martial mood, no painted frame, no inner border, no decorative trim, no text, no letters, no numbers, no UI, no card frame","painted frame, decorative border, double border, ornate trim, ornamental frame, filigree border, tarot card border, card frame, vignette frame, inner border, text, letters, numbers, words, signature, watermark, caption, label, logo, title bar, portrait orientation, vertical composition, centered medallion, symmetrical heraldic layout, photo, photograph, photorealistic, 3d render, cgi, anime, manga, chibi, modern clothing, cars, technology, ui, hud, low quality, blurry, oversaturated"
"triples/river_people_many_faced.png","Many-Faced — splash rare scene depicting River People at the moment of an emergent power, setting: reed boats, lotus, mud-brick, wide cinematic landscape composition, dramatic depth from foreground to horizon, iconography woven into the scene: , heightened drama, painterly highlights, the rarest card in the deck, evokes: Your many-faced warriors adapt to every moment of battle. They are shield when struck, blade when striking, and shadow when moving — ever shifting, never the same twice., fantasy card illustration in the style of Magic the Gathering art, full-bleed landscape composition, edge-to-edge artwork, cinematic horizontal framing, painterly ink and wash, muted earth-tones with one dominant accent color, atmospheric lighting, arcane and martial mood, no painted frame, no inner border, no decorative trim, no text, no letters, no numbers, no UI, no card frame","painted frame, decorative border, double border, ornate trim, ornamental frame, filigree border, tarot card border, card frame, vignette frame, inner border, text, letters, numbers, words, signature, watermark, caption, label, logo, title bar, portrait orientation, vertical composition, centered medallion, symmetrical heraldic layout, photo, photograph, photorealistic, 3d render, cgi, anime, manga, chibi, modern clothing, cars, technology, ui, hud, low quality, blurry, oversaturated"
"triples/frost_wardens_many_faced.png","Many-Faced — splash rare scene depicting Arctic Wardens at the moment of an emergent power, setting: ice and pine, breath visible, blue dusk, wide cinematic landscape composition, dramatic depth from foreground to horizon, iconography woven into the scene: , heightened drama, painterly highlights, the rarest card in the deck, evokes: Your many-faced warriors adapt to every moment of battle. They are shield when struck, blade when striking, and shadow when moving — ever shifting, never the same twice., fantasy card illustration in the style of Magic the Gathering art, full-bleed landscape composition, edge-to-edge artwork, cinematic horizontal framing, painterly ink and wash, muted earth-tones with one dominant accent color, atmospheric lighting, arcane and martial mood, no painted frame, no inner border, no decorative trim, no text, no letters, no numbers, no UI, no card frame","painted frame, decorative border, double border, ornate trim, ornamental frame, filigree border, tarot card border, card frame, vignette frame, inner border, text, letters, numbers, words, signature, watermark, caption, label, logo, title bar, portrait orientation, vertical composition, centered medallion, symmetrical heraldic layout, photo, photograph, photorealistic, 3d render, cgi, anime, manga, chibi, modern clothing, cars, technology, ui, hud, low quality, blurry, oversaturated"